,round,year,company,segment,name,UnitSold,UnitInvent,RevDate,Age,MTBF,Pfmm,Size,Price,MatCost,LaborCost,ContrMarg,SecShiftOverTime,AutomationNextRd,CapNextRd,PlantUtilz,market_cap,market_size,performance_center,performance_ideal,size_center,size_ideal,AGE_ideal,PRICE_L,PRICE_H,MTBF_L,MTBF_H,radius
0,0.0,2021.0,Andrews,High End,Adam,366.0,40.0,2020-04-18,1.7,23000.0,8.0,12.0,38.0,15.98,8.57,0.33,0.0,3.0,900.0,0.45,2554.0,0.11,7.5,8.9,12.5,11.1,0.0,30.0,40.0,20000.0,25000.0,1
1,0.0,2021.0,Andrews,Low End,Acre,1763.0,39.0,2017-05-25,4.6,14000.0,3.0,17.0,21.0,7.81,7.12,0.27,0.3,5.0,1400.0,1.29,8960.0,0.39,2.5,1.7,17.5,18.3,7.0,15.0,25.0,12000.0,17000.0,1
2,0.0,2021.0,Andrews,Performance,Aft,358.0,78.0,2019-06-30,2.5,25000.0,9.4,15.5,33.0,15.87,8.57,0.23,0.0,3.0,600.0,0.73,1915.0,0.08,8.0,9.4,17.0,16.0,1.0,25.0,35.0,22000.0,27000.0,1
3,0.0,2021.0,Andrews,Size,Agape,314.0,62.0,2019-05-25,2.6,19000.0,4.0,11.0,33.0,13.62,8.57,0.3,0.0,3.0,600.0,0.63,1984.0,0.09,3.0,4.0,12.0,10.6,1.5,25.0,35.0,16000.0,21000.0,1
4,0.0,2021.0,Andrews,Traditional,Able,999.0,189.0,2018-11-21,3.1,17500.0,5.5,14.5,28.0,11.59,7.49,0.29,0.0,4.0,1800.0,0.66,7387.0,0.32,5.0,5.0,15.0,15.0,2.0,20.0,30.0,14000.0,19000.0,1
5,0.0,2021.0,Baldwin,High End,Bid,366.0,40.0,2020-04-18,1.7,23000.0,8.0,12.0,38.0,15.98,8.57,0.33,0.0,3.0,900.0,0.45,2554.0,0.11,7.5,8.9,12.5,11.1,0.0,30.0,40.0,20000.0,25000.0,1
6,0.0,2021.0,Baldwin,Low End,Bead,1763.0,39.0,2017-05-25,4.6,14000.0,3.0,17.0,21.0,7.81,7.12,0.27,0.3,5.0,1400.0,1.29,8960.0,0.39,2.5,1.7,17.5,18.3,7.0,15.0,25.0,12000.0,17000.0,1
7,0.0,2021.0,Baldwin,Performance,Bold,358.0,78.0,2019-06-30,2.5,25000.0,9.4,15.5,33.0,15.87,8.57,0.23,0.0,3.0,600.0,0.73,1915.0,0.08,8.0,9.4,17.0,16.0,1.0,25.0,35.0,22000.0,27000.0,1
8,0.0,2021.0,Baldwin,Size,Buddy,314.0,62.0,2019-05-25,2.6,19000.0,4.0,11.0,33.0,13.62,8.57,0.3,0.0,3.0,600.0,0.63,1984.0,0.09,3.0,4.0,12.0,10.6,1.5,25.0,35.0,16000.0,21000.0,1
9,0.0,2021.0,Baldwin,Traditional,Baker,999.0,189.0,2018-11-21,3.1,17500.0,5.5,14.5,28.0,11.59,7.49,0.29,0.0,4.0,1800.0,0.66,7387.0,0.32,5.0,5.0,15.0,15.0,2.0,20.0,30.0,14000.0,19000.0,1
10,0.0,2021.0,Chester,High End,Cid,366.0,40.0,2020-04-18,1.7,23000.0,8.0,12.0,38.0,15.98,8.57,0.33,0.0,3.0,900.0,0.45,2554.0,0.11,7.5,8.9,12.5,11.1,0.0,30.0,40.0,20000.0,25000.0,1
11,0.0,2021.0,Chester,Low End,Cedar,1763.0,39.0,2017-05-25,4.6,14000.0,3.0,17.0,21.0,7.81,7.12,0.27,0.3,5.0,1400.0,1.29,8960.0,0.39,2.5,1.7,17.5,18.3,7.0,15.0,25.0,12000.0,17000.0,1
12,0.0,2021.0,Chester,Performance,Coat,358.0,78.0,2019-06-30,2.5,25000.0,9.4,15.5,33.0,15.87,8.57,0.23,0.0,3.0,600.0,0.73,1915.0,0.08,8.0,9.4,17.0,16.0,1.0,25.0,35.0,22000.0,27000.0,1
13,0.0,2021.0,Chester,Size,Cure,314.0,62.0,2019-05-25,2.6,19000.0,4.0,11.0,33.0,13.62,8.57,0.3,0.0,3.0,600.0,0.63,1984.0,0.09,3.0,4.0,12.0,10.6,1.5,25.0,35.0,16000.0,21000.0,1
14,0.0,2021.0,Chester,Traditional,Cake,999.0,189.0,2018-11-21,3.1,17500.0,5.5,14.5,28.0,11.59,7.49,0.29,0.0,4.0,1800.0,0.66,7387.0,0.32,5.0,5.0,15.0,15.0,2.0,20.0,30.0,14000.0,19000.0,1
15,0.0,2021.0,Digby,High End,Duck,366.0,40.0,2020-04-18,1.7,23000.0,8.0,12.0,38.0,15.98,8.57,0.33,0.0,3.0,900.0,0.45,2554.0,0.11,7.5,8.9,12.5,11.1,0.0,30.0,40.0,20000.0,25000.0,1
16,0.0,2021.0,Digby,Low End,Dell,1763.0,39.0,2017-05-25,4.6,14000.0,3.0,17.0,21.0,7.81,7.12,0.27,0.3,5.0,1400.0,1.29,8960.0,0.39,2.5,1.7,17.5,18.3,7.0,15.0,25.0,12000.0,17000.0,1
17,0.0,2021.0,Digby,Performance,Dot,358.0,78.0,2019-06-30,2.5,25000.0,9.4,15.5,33.0,15.87,8.57,0.23,0.0,3.0,600.0,0.73,1915.0,0.08,8.0,9.4,17.0,16.0,1.0,25.0,35.0,22000.0,27000.0,1
18,0.0,2021.0,Digby,Size,Dune,314.0,62.0,2019-05-25,2.6,19000.0,4.0,11.0,33.0,13.62,8.57,0.3,0.0,3.0,600.0,0.63,1984.0,0.09,3.0,4.0,12.0,10.6,1.5,25.0,35.0,16000.0,21000.0,1
19,0.0,2021.0,Digby,Traditional,Daze,999.0,189.0,2018-11-21,3.1,17500.0,5.5,14.5,28.0,11.59,7.49,0.29,0.0,4.0,1800.0,0.66,7387.0,0.32,5.0,5.0,15.0,15.0,2.0,20.0,30.0,14000.0,19000.0,1
20,0.0,2021.0,Erie,High End,Echo,366.0,40.0,2020-04-18,1.7,23000.0,8.0,12.0,38.0,15.98,8.57,0.33,0.0,3.0,900.0,0.45,2554.0,0.11,7.5,8.9,12.5,11.1,0.0,30.0,40.0,20000.0,25000.0,1
21,0.0,2021.0,Erie,Low End,Ebb,1763.0,39.0,2017-05-25,4.6,14000.0,3.0,17.0,21.0,7.81,7.12,0.27,0.3,5.0,1400.0,1.29,8960.0,0.39,2.5,1.7,17.5,18.3,7.0,15.0,25.0,12000.0,17000.0,1
22,0.0,2021.0,Erie,Performance,Edge,358.0,78.0,2019-06-30,2.5,25000.0,9.4,15.5,33.0,15.87,8.57,0.23,0.0,3.0,600.0,0.73,1915.0,0.08,8.0,9.4,17.0,16.0,1.0,25.0,35.0,22000.0,27000.0,1
23,0.0,2021.0,Erie,Size,Egg,314.0,62.0,2019-05-25,2.6,19000.0,4.0,11.0,33.0,13.62,8.57,0.3,0.0,3.0,600.0,0.63,1984.0,0.09,3.0,4.0,12.0,10.6,1.5,25.0,35.0,16000.0,21000.0,1
24,0.0,2021.0,Erie,Traditional,Eat,999.0,189.0,2018-11-21,3.1,17500.0,5.5,14.5,28.0,11.59,7.49,0.29,0.0,4.0,1800.0,0.66,7387.0,0.32,5.0,5.0,15.0,15.0,2.0,20.0,30.0,14000.0,19000.0,1
25,0.0,2021.0,Ferris,High End,Fist,366.0,40.0,2020-04-18,1.7,23000.0,8.0,12.0,38.0,15.98,8.57,0.33,0.0,3.0,900.0,0.45,2554.0,0.11,7.5,8.9,12.5,11.1,0.0,30.0,40.0,20000.0,25000.0,1
26,0.0,2021.0,Ferris,Low End,Feat,1763.0,39.0,2017-05-25,4.6,14000.0,3.0,17.0,21.0,7.81,7.12,0.27,0.3,5.0,1400.0,1.29,8960.0,0.39,2.5,1.7,17.5,18.3,7.0,15.0,25.0,12000.0,17000.0,1
27,0.0,2021.0,Ferris,Performance,Foam,358.0,78.0,2019-06-30,2.5,25000.0,9.4,15.5,33.0,15.87,8.57,0.23,0.0,3.0,600.0,0.73,1915.0,0.08,8.0,9.4,17.0,16.0,1.0,25.0,35.0,22000.0,27000.0,1
28,0.0,2021.0,Ferris,Size,Fume,314.0,62.0,2019-05-25,2.6,19000.0,4.0,11.0,33.0,13.62,8.57,0.3,0.0,3.0,600.0,0.63,1984.0,0.09,3.0,4.0,12.0,10.6,1.5,25.0,35.0,16000.0,21000.0,1
29,0.0,2021.0,Ferris,Traditional,Fast,999.0,189.0,2018-11-21,3.1,17500.0,5.5,14.5,28.0,11.59,7.49,0.29,0.0,4.0,1800.0,0.66,7387.0,0.32,5.0,5.0,15.0,15.0,2.0,20.0,30.0,14000.0,19000.0,1
30,1.0,2022.0,Andrews,High End,Adam,433.0,310.0,2023-05-06,2.7,23000.0,8.0,12.0,38.0,14.84,8.97,0.31,0.0,3.0,900.0,0.78,2968.0,0.12,8.4,9.8,11.6,10.2,0.0,29.5,39.5,20000.0,25000.0,1
31,1.0,2022.0,Andrews,Low End,Acre,1425.0,0.0,2017-05-25,5.6,14000.0,3.0,17.0,21.0,7.05,6.73,0.33,0.0,6.0,1400.0,0.99,10008.0,0.39,3.0,2.2,17.0,17.8,7.0,14.5,24.5,12000.0,17000.0,1
32,1.0,2022.0,Andrews,Performance,Aft,393.0,51.0,2019-06-30,3.5,25000.0,9.4,15.5,33.0,14.81,8.97,0.25,0.0,4.0,600.0,0.61,2294.0,0.09,9.0,10.4,16.3,15.3,1.0,24.5,34.5,22000.0,27000.0,1
33,1.0,2022.0,Andrews,Size,Agape,266.0,212.0,2019-05-25,3.6,19000.0,4.0,11.0,33.0,12.6,8.97,0.27,0.0,4.0,600.0,0.69,2347.0,0.09,3.7,4.7,11.0,9.6,1.5,24.5,34.5,16000.0,21000.0,1
34,1.0,2022.0,Andrews,Traditional,Able,1319.0,652.0,2018-11-21,4.1,17500.0,5.5,14.5,28.0,10.65,7.85,0.28,0.0,4.5,1800.0,0.99,8067.0,0.31,5.7,5.7,14.3,14.3,2.0,19.5,29.5,14000.0,19000.0,1
35,1.0,2022.0,Baldwin,High End,Bid,466.0,69.0,2024-01-31,2.7,23000.0,8.0,12.0,39.5,14.84,8.97,0.38,0.0,3.0,900.0,0.55,2968.0,0.12,8.4,9.8,11.6,10.2,0.0,29.5,39.5,20000.0,25000.0,1
36,1.0,2022.0,Baldwin,Low End,Bead,1722.0,0.0,2017-05-25,5.6,14000.0,3.0,17.0,20.5,7.05,7.29,0.29,0.21,7.0,1600.0,1.2,10008.0,0.39,3.0,2.2,17.0,17.8,7.0,14.5,24.5,12000.0,17000.0,1
37,1.0,2022.0,Baldwin,Performance,Bold,474.0,0.0,2022-09-01,1.9,27000.0,10.4,15.9,34.5,15.96,8.97,0.29,0.0,3.0,600.0,0.66,2294.0,0.09,9.0,10.4,16.3,15.3,1.0,24.5,34.5,22000.0,27000.0,1
38,1.0,2022.0,Baldwin,Size,Buddy,458.0,0.0,2022-06-11,2.1,20000.0,4.5,10.4,34.5,13.44,8.97,0.35,0.0,3.0,600.0,0.66,2347.0,0.09,3.7,4.7,11.0,9.6,1.5,24.5,34.5,16000.0,21000.0,1
39,1.0,2022.0,Baldwin,Traditional,Baker,1377.0,0.0,2022-03-17,2.4,17500.0,5.7,14.3,29.5,10.85,7.85,0.35,0.0,4.0,1800.0,0.66,8067.0,0.31,5.7,5.7,14.3,14.3,2.0,19.5,29.5,14000.0,19000.0,1
40,1.0,2022.0,Chester,High End,Cid,521.0,293.0,2020-04-18,2.7,23000.0,8.0,12.0,39.5,14.84,9.19,0.34,0.0,3.0,900.0,0.86,2968.0,0.12,8.4,9.8,11.6,10.2,0.0,29.5,39.5,20000.0,25000.0,1
41,1.0,2022.0,Chester,Low End,Cedar,1731.0,0.0,2017-05-25,5.6,14000.0,3.0,17.0,22.0,7.05,7.54,0.32,0.25,7.0,1400.0,1.21,10008.0,0.39,3.0,2.2,17.0,17.8,7.0,14.5,24.5,12000.0,17000.0,1
42,1.0,2022.0,Chester,Performance,Coat,380.0,278.0,2023-04-08,3.5,25000.0,9.4,15.5,34.4,14.81,9.19,0.23,0.0,5.0,600.0,0.97,2294.0,0.09,9.0,10.4,16.3,15.3,1.0,24.5,34.5,22000.0,27000.0,1
43,1.0,2022.0,Chester,Size,Cure,283.0,360.0,2019-05-25,3.6,19000.0,4.0,11.0,34.4,12.6,9.19,0.26,0.0,3.0,600.0,0.97,2347.0,0.09,3.7,4.7,11.0,9.6,1.5,24.5,34.5,16000.0,21000.0,1
44,1.0,2022.0,Chester,Traditional,Cake,1282.0,647.0,2022-05-05,2.4,14000.0,5.7,14.3,29.5,9.8,8.04,0.33,0.0,6.0,1800.0,0.97,8067.0,0.31,5.7,5.7,14.3,14.3,2.0,19.5,29.5,14000.0,19000.0,1
45,1.0,2022.0,Digby,High End,Duck,306.0,626.0,2020-04-18,2.7,23000.0,8.0,12.0,40.0,14.84,8.97,0.25,0.0,3.0,900.0,0.99,2968.0,0.12,8.4,9.8,11.6,10.2,0.0,29.5,39.5,20000.0,25000.0,1
46,1.0,2022.0,Digby,Low End,Dell,2811.0,0.0,2022-01-29,5.6,12000.0,3.0,17.0,24.0,6.45,8.32,0.37,1.0,6.0,1600.0,1.98,10008.0,0.39,3.0,2.2,17.0,17.8,7.0,14.5,24.5,12000.0,17000.0,1
47,1.0,2022.0,Digby,NA,DeeNee,0.0,0.0,2023-07-12,0.0,0.0,0.0,0.0,0.0,0.0,0.0,0.0,0.0,1.0,200.0,0,,,,,,,,,,,,1
48,1.0,2022.0,Digby,Performance,Dot,499.0,173.0,2022-05-03,2.1,27000.0,9.9,15.5,33.0,15.74,8.97,0.22,0.0,3.0,600.0,0.99,2294.0,0.09,9.0,10.4,16.3,15.3,1.0,24.5,34.5,22000.0,27000.0,1
49,1.0,2022.0,Digby,Size,Dune,449.0,208.0,2022-05-12,2.1,19000.0,4.5,10.5,33.0,13.08,8.97,0.29,0.0,3.0,600.0,0.99,2347.0,0.09,3.7,4.7,11.0,9.6,1.5,24.5,34.5,16000.0,21000.0,1
50,1.0,2022.0,Digby,Traditional,Daze,1520.0,2234.0,2022-03-17,2.4,17500.0,5.7,14.3,28.0,10.85,9.7,0.13,1.0,5.0,1800.0,1.98,8067.0,0.31,5.7,5.7,14.3,14.3,2.0,19.5,29.5,14000.0,19000.0,1
51,1.0,2022.0,Erie,High End,Echo,462.0,470.0,2023-07-31,2.7,23000.0,8.0,12.0,38.0,14.84,8.97,0.28,0.0,4.0,900.0,0.99,2968.0,0.12,8.4,9.8,11.6,10.2,0.0,29.5,39.5,20000.0,25000.0,1
52,1.0,2022.0,Erie,Low End,Ebb,2019.0,0.0,2017-05-25,5.6,14000.0,3.0,17.0,21.0,7.05,7.68,0.28,0.43,5.0,1400.0,1.41,10008.0,0.39,3.0,2.2,17.0,17.8,7.0,14.5,24.5,12000.0,17000.0,1
53,1.0,2022.0,Erie,Performance,Edge,369.0,28.0,2019-06-30,3.5,25000.0,9.4,15.5,33.0,14.81,8.97,0.26,0.0,3.0,600.0,0.53,2294.0,0.09,9.0,10.4,16.3,15.3,1.0,24.5,34.5,22000.0,27000.0,1
54,1.0,2022.0,Erie,Size,Egg,364.0,293.0,2022-11-18,1.9,19000.0,4.7,9.6,33.0,13.73,8.97,0.26,0.0,4.0,600.0,0.99,2347.0,0.09,3.7,4.7,11.0,9.6,1.5,24.5,34.5,16000.0,21000.0,1
55,1.0,2022.0,Erie,Traditional,Eat,1479.0,492.0,2022-05-22,2.4,17500.0,6.0,14.0,29.0,11.16,7.85,0.31,0.0,5.0,1800.0,0.99,8067.0,0.31,5.7,5.7,14.3,14.3,2.0,19.5,29.5,14000.0,19000.0,1
56,1.0,2022.0,Ferris,High End,Fist,514.0,121.0,2022-10-28,1.4,24000.0,9.0,11.0,39.0,16.16,8.97,0.36,0.0,4.0,900.0,0.66,2968.0,0.12,8.4,9.8,11.6,10.2,0.0,29.5,39.5,20000.0,25000.0,1
57,1.0,2022.0,Ferris,Performance,Foam,324.0,50.0,2022-05-11,2.1,24000.0,9.0,16.0,34.0,14.1,8.97,0.28,0.0,4.0,600.0,0.5,2294.0,0.09,9.0,10.4,16.3,15.3,1.0,24.5,34.5,22000.0,27000.0,1
58,1.0,2022.0,Ferris,Size,Fume,415.0,44.0,2022-07-29,2.0,18000.0,4.2,10.0,34.0,13.02,8.97,0.34,0.0,4.0,600.0,0.66,2347.0,0.09,3.7,4.7,11.0,9.6,1.5,24.5,34.5,16000.0,21000.0,1
59,1.0,2022.0,Ferris,Traditional,Fast,1625.0,0.0,2022-03-26,2.4,19000.0,5.4,14.6,28.0,11.0,7.85,0.32,0.0,5.0,1800.0,0.8,8067.0,0.31,5.7,5.7,14.3,14.3,2.0,19.5,29.5,14000.0,19000.0,1
60,2.0,2023.0,Andrews,High End,Adam,805.0,0.0,2023-05-06,2.2,23000.0,9.5,10.0,38.0,15.49,9.41,0.36,0.0,3.0,900.0,0.55,3449.0,0.12,9.3,10.7,10.7,9.3,0.0,29.0,39.0,20000.0,25000.0,1
61,2.0,2023.0,Andrews,Low End,Acre,2079.0,0.0,2017-05-25,6.6,14000.0,3.0,17.0,21.0,6.38,6.81,0.36,0.5,6.0,1400.0,1.49,11179.0,0.39,3.5,2.7,16.5,17.3,7.0,14.0,24.0,12000.0,17000.0,1
62,2.0,2023.0,Andrews,NA,ANew1,0.0,0.0,2024-01-03,0.0,0.0,0.0,0.0,0.0,0.0,0.0,0.0,0.0,3.0,600.0,0,,,,,,,,,,,,1
63,2.0,2023.0,Andrews,Performance,Aft,471.0,75.0,2023-01-29,4.5,27000.0,9.4,15.5,33.0,14.47,8.23,0.28,0.0,4.0,600.0,0.83,2748.0,0.09,10.0,11.4,15.6,14.6,1.0,24.0,34.0,22000.0,27000.0,1
64,2.0,2023.0,Andrews,Size,Agape,105.0,305.0,2019-05-25,4.6,19000.0,4.0,11.0,33.0,11.69,8.23,0.14,0.0,4.0,600.0,0.33,2777.0,0.1,4.4,5.4,10.0,8.6,1.5,24.0,34.0,16000.0,21000.0,1
65,2.0,2023.0,Andrews,Traditional,Able,1290.0,352.0,2023-06-01,2.8,17500.0,6.0,14.0,28.0,10.28,7.64,0.32,0.0,4.5,1800.0,0.55,8809.0,0.3,6.4,6.4,13.6,13.6,2.0,21.5,31.5,14000.0,19000.0,1
66,2.0,2023.0,Baldwin,High End,Bid,393.0,270.0,2024-01-31,3.7,23000.0,8.0,12.0,39.0,13.83,9.41,0.34,0.0,3.0,900.0,0.66,3449.0,0.12,9.3,10.7,10.7,9.3,0.0,29.0,39.0,20000.0,25000.0,1
67,2.0,2023.0,Baldwin,Low End,Bead,3169.0,0.0,2017-05-25,6.6,14000.0,3.0,17.0,20.0,6.38,5.82,0.38,1.0,8.0,2300.0,1.98,11179.0,0.39,3.5,2.7,16.5,17.3,7.0,14.0,24.0,12000.0,17000.0,1
68,2.0,2023.0,Baldwin,Performance,Bold,654.0,227.0,2024-01-03,2.9,27000.0,10.4,15.9,34.0,15.0,10.86,0.2,0.48,3.0,600.0,1.47,2748.0,0.09,10.0,11.4,15.6,14.6,1.0,24.0,34.0,22000.0,27000.0,1
69,2.0,2023.0,Baldwin,Size,Buddy,484.0,210.0,2024-01-09,3.1,20000.0,4.5,10.4,34.0,12.49,10.05,0.29,0.17,3.0,600.0,1.16,2777.0,0.1,4.4,5.4,10.0,8.6,1.5,24.0,34.0,16000.0,21000.0,1
70,2.0,2023.0,Baldwin,Traditional,Baker,1935.0,45.0,2023-08-02,1.9,17500.0,6.4,13.6,29.5,10.66,8.63,0.35,0.11,5.0,1800.0,1.1,8809.0,0.3,6.4,6.4,13.6,13.6,2.0,21.5,31.5,14000.0,19000.0,1
71,2.0,2023.0,Chester,High End,Cid,226.0,68.0,2024-01-18,3.7,23000.0,8.0,12.0,39.5,13.83,9.63,0.36,0.0,3.0,900.0,0,3449.0,0.12,9.3,10.7,10.7,9.3,0.0,29.0,39.0,20000.0,25000.0,1
72,2.0,2023.0,Chester,Low End,Cedar,2707.0,0.0,2017-05-25,6.6,14000.0,3.0,17.0,21.2,6.38,5.95,0.41,1.0,8.0,1400.0,1.93,11179.0,0.39,3.5,2.7,16.5,17.3,7.0,14.0,24.0,12000.0,17000.0,1
73,2.0,2023.0,Chester,NA,C_PI,0.0,0.0,2024-07-15,0.0,0.0,0.0,0.0,0.0,0.0,0.0,0.0,0.0,1.0,400.0,0,,,,,,,,,,,,1
74,2.0,2023.0,Chester,Performance,Coat,709.0,149.0,2023-04-08,2.6,27000.0,11.4,14.6,34.0,15.94,7.22,0.29,0.0,5.0,600.0,0.97,2748.0,0.09,10.0,11.4,15.6,14.6,1.0,24.0,34.0,22000.0,27000.0,1
75,2.0,2023.0,Chester,Size,Cure,360.0,1.0,2023-03-18,2.7,21000.0,4.1,11.0,33.7,12.32,9.63,0.34,0.0,3.0,600.0,0,2777.0,0.1,4.4,5.4,10.0,8.6,1.5,24.0,34.0,16000.0,21000.0,1
76,2.0,2023.0,Chester,Traditional,Cake,1203.0,218.0,2022-05-05,3.4,14000.0,5.7,14.3,28.7,8.95,6.02,0.4,0.0,8.0,1800.0,0.43,8809.0,0.3,6.4,6.4,13.6,13.6,2.0,21.5,31.5,14000.0,19000.0,1
77,2.0,2023.0,Digby,High End,DeeNee,184.0,0.0,2023-07-12,0.5,22000.0,10.0,10.0,40.0,15.43,14.53,0.25,1.0,3.0,400.0,0.92,3449.0,0.12,9.3,10.7,10.7,9.3,0.0,29.0,39.0,20000.0,25000.0,1
78,2.0,2023.0,Digby,High End,Duck,228.0,695.0,2020-04-18,3.7,23000.0,8.0,12.0,38.5,13.83,9.4,0.15,0.0,3.0,900.0,0.33,3449.0,0.12,9.3,10.7,10.7,9.3,0.0,29.0,39.0,20000.0,25000.0,1
79,2.0,2023.0,Digby,Low End,Dell,1231.0,1937.0,2022-01-29,6.6,12000.0,3.0,17.0,22.0,5.78,7.27,0.28,1.0,7.0,1600.0,1.98,11179.0,0.39,3.5,2.7,16.5,17.3,7.0,14.0,24.0,12000.0,17000.0,1
80,2.0,2023.0,Digby,Performance,Dot,513.0,255.0,2023-05-24,1.8,27000.0,10.5,15.0,33.5,15.28,9.4,0.22,0.0,3.0,600.0,0.99,2748.0,0.09,10.0,11.4,15.6,14.6,1.0,24.0,34.0,22000.0,27000.0,1
81,2.0,2023.0,Digby,Size,Dune,583.0,219.0,2023-07-27,1.8,19000.0,4.9,9.5,33.0,12.86,9.4,0.3,0.0,3.0,600.0,0.99,2777.0,0.1,4.4,5.4,10.0,8.6,1.5,24.0,34.0,16000.0,21000.0,1
82,2.0,2023.0,Digby,Traditional,Daze,1525.0,709.0,2023-05-07,2.0,17500.0,6.1,14.0,28.0,0.0,0.0,0.22,0.0,5.0,1800.0,0,8809.0,0.3,6.4,6.4,13.6,13.6,2.0,21.5,31.5,14000.0,19000.0,1
83,2.0,2023.0,Erie,High End,Echo,470.0,0.0,2023-07-31,2.1,24000.0,9.8,10.0,39.0,0.0,0.0,0.38,0.0,4.0,900.0,0,3449.0,0.12,9.3,10.7,10.7,9.3,0.0,29.0,39.0,20000.0,25000.0,1
84,2.0,2023.0,Erie,Low End,Ebb,1917.0,856.0,2017-05-25,6.6,14000.0,3.0,17.0,22.0,6.38,8.72,0.26,1.0,5.0,1400.0,1.98,11179.0,0.39,3.5,2.7,16.5,17.3,7.0,14.0,24.0,12000.0,17000.0,1
85,2.0,2023.0,Erie,NA,Elite,0.0,0.0,2023-11-26,0.1,20000.0,11.6,9.0,40.0,0.0,0.0,0.0,0.0,4.0,600.0,0,,,,,,,,,,,,1
86,2.0,2023.0,Erie,Performance,Edge,208.0,139.0,2019-06-30,4.5,25000.0,9.4,15.5,33.0,13.87,9.4,0.23,0.0,3.0,600.0,0.53,2748.0,0.09,10.0,11.4,15.6,14.6,1.0,24.0,34.0,22000.0,27000.0,1
87,2.0,2023.0,Erie,Size,Egg,685.0,202.0,2024-12-24,2.9,19000.0,4.7,9.6,34.5,12.74,8.23,0.35,0.0,4.0,600.0,0.99,2777.0,0.1,4.4,5.4,10.0,8.6,1.5,24.0,34.0,16000.0,21000.0,1
88,2.0,2023.0,Erie,Traditional,Eat,1891.0,86.0,2023-05-18,2.0,17500.0,6.4,13.6,29.0,10.66,7.05,0.37,0.0,6.5,1800.0,0.83,8809.0,0.3,6.4,6.4,13.6,13.6,2.0,21.5,31.5,14000.0,19000.0,1
89,2.0,2023.0,Ferris,High End,Fist,1111.0,0.0,2023-07-01,1.5,24000.0,9.7,10.4,39.0,15.69,8.61,0.38,0.11,4.0,900.0,1.1,3449.0,0.12,9.3,10.7,10.7,9.3,0.0,29.0,39.0,20000.0,25000.0,1
90,2.0,2023.0,Ferris,Performance,Foam,204.0,93.0,2023-08-23,1.7,24000.0,10.0,15.4,34.0,13.97,8.22,0.31,0.0,4.0,600.0,0.41,2748.0,0.09,10.0,11.4,15.6,14.6,1.0,24.0,34.0,22000.0,27000.0,1
91,2.0,2023.0,Ferris,Size,Fume,578.0,109.0,2023-05-06,1.8,18000.0,4.4,9.4,34.0,12.49,8.52,0.36,0.08,4.0,600.0,1.07,2777.0,0.1,4.4,5.4,10.0,8.6,1.5,24.0,34.0,16000.0,21000.0,1
92,2.0,2023.0,Ferris,Traditional,Fast,1044.0,392.0,2022-03-26,3.4,19000.0,5.4,14.6,28.0,10.16,8.54,0.29,0.81,5.0,800.0,1.79,8809.0,0.3,6.4,6.4,13.6,13.6,2.0,21.5,31.5,14000.0,19000.0,1
93,3.0,2024.0,Andrews,High End,ANew1,396.0,0.0,2024-01-03,1.0,24000.0,11.0,8.0,38.49,16.32,9.85,0.31,0.0,3.0,600.0,0.66,4007.0,0.12,10.2,11.6,9.8,8.4,0.0,28.5,38.5,20000.0,25000.0,1
94,3.0,2024.0,Andrews,High End,Adam,652.0,239.0,2023-05-06,3.2,23000.0,9.5,10.0,37.99,14.47,9.85,0.32,0.0,3.0,900.0,0.99,4007.0,0.12,10.2,11.6,9.8,8.4,0.0,28.5,38.5,20000.0,25000.0,1
95,3.0,2024.0,Andrews,Low End,Acre,1579.0,996.0,2017-05-25,7.6,14000.0,3.0,17.0,20.49,5.79,7.51,0.29,0.86,6.0,1400.0,1.84,12487.0,0.38,4.0,3.2,16.0,16.8,7.0,13.5,23.5,12000.0,17000.0,1
96,3.0,2024.0,Andrews,NA,ANew2,0.0,0.0,2025-08-09,0.0,0.0,0.0,0.0,0.0,0.0,0.0,0.0,0.0,3.0,600.0,0,,,,,,,,,,,,1
97,3.0,2024.0,Andrews,Performance,Aft,449.0,121.0,2025-04-04,5.5,27000.0,9.4,15.5,32.99,13.63,8.62,0.29,0.0,4.0,600.0,0.83,3293.0,0.1,11.0,12.4,14.9,13.9,1.0,23.5,33.5,22000.0,27000.0,1
98,3.0,2024.0,Andrews,Size,Agape,134.0,172.0,2019-05-25,5.6,19000.0,4.0,11.0,31.99,10.88,8.62,0.24,0.0,4.0,600.0,0,3285.0,0.1,5.1,6.1,9.0,7.6,1.5,23.5,33.5,16000.0,21000.0,1
99,3.0,2024.0,Andrews,Traditional,Able,1461.0,179.0,2024-06-23,2.2,17500.0,6.5,13.0,27.99,10.17,8.01,0.34,0.0,4.5,1800.0,0.72,9619.0,0.29,7.1,7.1,12.9,12.9,2.0,21.0,31.0,14000.0,19000.0,1
100,3.0,2024.0,Baldwin,High End,Bid,270.0,0.0,2024-01-31,2.8,23000.0,10.7,9.3,37.0,0.0,0.0,0.36,0.0,3.0,1.0,0,4007.0,0.12,10.2,11.6,9.8,8.4,0.0,28.5,38.5,20000.0,25000.0,1
101,3.0,2024.0,Baldwin,Low End,Bead,3228.0,988.0,2017-05-25,7.6,14000.0,3.0,17.0,19.5,5.56,3.99,0.48,0.85,9.0,2400.0,1.83,12487.0,0.38,4.0,3.2,16.0,16.8,7.0,13.5,23.5,12000.0,17000.0,1
102,3.0,2024.0,Baldwin,NA,Baker2,0.0,0.0,2025-04-29,0.0,0.0,0.0,0.0,0.0,0.0,0.0,0.0,0.0,3.0,450.0,0,,,,,,,,,,,,1
103,3.0,2024.0,Baldwin,NA,Bid2,0.0,0.0,2024-06-30,0.5,23000.0,12.5,7.5,20.0,0.0,0.0,0.0,0.0,3.0,400.0,0,,,,,,,,,,,,1
104,3.0,2024.0,Baldwin,Performance,Bold,782.0,0.0,2024-01-03,2.5,27000.0,11.4,14.6,33.5,14.4,8.74,0.28,0.0,3.0,600.0,0.92,3293.0,0.1,11.0,12.4,14.9,13.9,1.0,23.5,33.5,22000.0,27000.0,1
105,3.0,2024.0,Baldwin,Size,Buddy,1002.0,0.0,2024-01-09,2.5,20000.0,5.4,9.0,33.5,12.16,9.78,0.33,0.33,3.0,600.0,1.32,3285.0,0.1,5.1,6.1,9.0,7.6,1.5,23.5,33.5,16000.0,21000.0,1
106,3.0,2024.0,Baldwin,Traditional,Baker,1957.0,465.0,2024-08-16,1.6,17500.0,7.1,12.9,29.0,10.05,7.33,0.39,0.33,9.0,1800.0,1.32,9619.0,0.29,7.1,7.1,12.9,12.9,2.0,21.0,31.0,14000.0,19000.0,1
107,3.0,2024.0,Chester,Low End,Cedar,2772.0,0.0,2017-05-25,7.6,14000.0,3.0,17.0,19.7,5.77,4.48,0.47,1.0,8.0,1400.0,1.98,12487.0,0.38,4.0,3.2,16.0,16.8,7.0,13.5,23.5,12000.0,17000.0,1
108,3.0,2024.0,Chester,NA,C_PI,0.0,0.0,2024-07-15,0.5,27000.0,13.4,13.2,33.3,0.0,0.0,0.0,0.0,5.0,400.0,0,,,,,,,,,,,,1
109,3.0,2024.0,Chester,Performance,Coat,1238.0,0.0,2024-08-08,2.0,27000.0,12.4,13.9,33.5,15.69,8.81,0.28,0.83,5.0,600.0,1.82,3293.0,0.1,11.0,12.4,14.9,13.9,1.0,23.5,33.5,22000.0,27000.0,1
110,3.0,2024.0,Chester,Size,Cure,317.0,0.0,2024-12-23,1.9,19000.0,6.1,11.0,33.0,11.42,9.66,0.35,0.0,3.0,600.0,0.53,3285.0,0.1,5.1,6.1,9.0,7.6,1.5,23.5,33.5,16000.0,21000.0,1
111,3.0,2024.0,Chester,Traditional,Cake,911.0,0.0,2022-05-05,4.4,14000.0,5.7,14.3,22.0,8.15,3.62,0.4,0.0,8.0,1200.0,0.58,9619.0,0.29,7.1,7.1,12.9,12.9,2.0,21.0,31.0,14000.0,19000.0,1
112,3.0,2024.0,Chester,Traditional,Cid,1846.0,5.0,2024-01-18,2.8,19000.0,6.8,13.0,28.3,10.7,11.95,0.19,1.0,7.0,900.0,1.98,9619.0,0.29,7.1,7.1,12.9,12.9,2.0,21.0,31.0,14000.0,19000.0,1
113,3.0,2024.0,Digby,High End,DeeNee,792.0,0.0,2024-09-06,0.9,22000.0,11.0,9.0,39.0,15.24,12.17,0.3,1.0,5.0,700.0,1.98,4007.0,0.12,10.2,11.6,9.8,8.4,0.0,28.5,38.5,20000.0,25000.0,1
114,3.0,2024.0,Digby,Low End,Dell,2114.0,1408.0,2022-01-29,7.6,12000.0,3.0,17.0,17.0,5.18,4.92,0.24,0.0,7.0,1600.0,0.99,12487.0,0.38,4.0,3.2,16.0,16.8,7.0,13.5,23.5,12000.0,17000.0,1
115,3.0,2024.0,Digby,Performance,Dot,585.0,263.0,2025-08-16,2.8,27000.0,10.5,15.0,32.0,14.35,9.84,0.19,0.0,3.0,600.0,0.99,3293.0,0.1,11.0,12.4,14.9,13.9,1.0,23.5,33.5,22000.0,27000.0,1
116,3.0,2024.0,Digby,Size,Dune,813.0,0.0,2024-10-17,1.5,19000.0,5.7,8.1,32.0,12.93,9.84,0.3,0.0,3.0,600.0,0.99,3285.0,0.1,5.1,6.1,9.0,7.6,1.5,23.5,33.5,16000.0,21000.0,1
117,3.0,2024.0,Digby,Traditional,Daze,1570.0,921.0,2024-08-29,1.7,17500.0,6.8,13.0,25.0,10.27,7.38,0.21,0.0,5.0,1800.0,0.99,9619.0,0.29,7.1,7.1,12.9,12.9,2.0,21.0,31.0,14000.0,19000.0,1
118,3.0,2024.0,Digby,Traditional,Duck,371.0,324.0,2020-04-18,4.7,23000.0,8.0,12.0,25.0,0.0,0.0,-0.06,0.0,3.0,300.0,0,9619.0,0.29,7.1,7.1,12.9,12.9,2.0,21.0,31.0,14000.0,19000.0,1
119,3.0,2024.0,Erie,High End,Elite,1172.0,0.0,2024-02-27,1.1,25000.0,11.6,9.0,38.5,16.43,10.78,0.29,1.0,5.0,600.0,1.95,4007.0,0.12,10.2,11.6,9.8,8.4,0.0,28.5,38.5,20000.0,25000.0,1
120,3.0,2024.0,Erie,Low End,Ebb,2116.0,107.0,2017-05-25,7.6,14000.0,3.0,17.0,21.0,5.79,7.47,0.32,0.0,6.0,1400.0,0.98,12487.0,0.38,4.0,3.2,16.0,16.8,7.0,13.5,23.5,12000.0,17000.0,1
121,3.0,2024.0,Erie,NA,Echo,0.0,0.0,2023-07-31,3.1,24000.0,9.8,10.0,39.0,0.0,0.0,0.0,0.0,4.0,900.0,0,,,,,,,,,,,,1
122,3.0,2024.0,Erie,NA,Elon,0.0,0.0,2025-06-27,0.0,0.0,0.0,0.0,0.0,0.0,0.0,0.0,0.0,3.0,600.0,0,,,,,,,,,,,,1
123,3.0,2024.0,Erie,Size,Egg,427.0,361.0,2024-12-24,1.9,19000.0,6.8,6.6,34.0,14.09,8.72,0.31,0.0,4.0,600.0,0.98,3285.0,0.1,5.1,6.1,9.0,7.6,1.5,23.5,33.5,16000.0,21000.0,1
124,3.0,2024.0,Erie,Traditional,Eat,1756.0,1065.0,2025-02-12,3.0,17500.0,6.4,13.6,28.5,9.84,6.55,0.37,0.56,7.5,1800.0,1.52,9619.0,0.29,7.1,7.1,12.9,12.9,2.0,21.0,31.0,14000.0,19000.0,1
125,3.0,2024.0,Ferris,High End,Fist,644.0,0.0,2024-09-25,1.4,24000.0,10.5,9.4,39.0,15.47,8.61,0.39,0.0,4.0,950.0,0.72,4007.0,0.12,10.2,11.6,9.8,8.4,0.0,28.5,38.5,20000.0,25000.0,1
126,3.0,2024.0,Ferris,Performance,Foam,242.0,0.0,2024-10-26,1.4,24000.0,11.0,14.4,34.0,13.92,8.61,0.35,0.0,4.0,600.0,0.25,3293.0,0.1,11.0,12.4,14.9,13.9,1.0,23.5,33.5,22000.0,27000.0,1
127,3.0,2024.0,Ferris,Size,Fume,604.0,0.0,2024-08-01,1.6,18000.0,4.7,8.4,34.0,12.26,8.61,0.39,0.0,4.0,700.0,0.83,3285.0,0.1,5.1,6.1,9.0,7.6,1.5,23.5,33.5,16000.0,21000.0,1
128,3.0,2024.0,Ferris,Traditional,Fast,492.0,98.0,2024-01-29,4.4,17000.0,5.4,14.6,24.0,8.82,7.38,0.23,0.0,5.0,800.0,0.25,9619.0,0.29,7.1,7.1,12.9,12.9,2.0,21.0,31.0,14000.0,19000.0,1
129,4.0,2025.0,Andrews,High End,ANew1,594.0,0.0,2025-07-16,1.2,24000.0,12.5,7.5,38.5,16.03,9.76,0.33,0.0,3.0,600.0,0.99,4656.0,0.13,11.1,12.5,8.9,7.5,0.0,28.0,38.0,20000.0,25000.0,1
130,4.0,2025.0,Andrews,High End,Adam,199.0,436.0,2023-05-06,4.2,23000.0,9.5,10.0,37.0,13.48,9.76,0.18,0.0,3.0,900.0,0.44,4656.0,0.13,11.1,12.5,8.9,7.5,0.0,28.0,38.0,20000.0,25000.0,1
131,4.0,2025.0,Andrews,Low End,Acre,1209.0,826.0,2017-05-25,8.6,14000.0,3.0,17.0,20.49,5.25,6.1,0.34,0.0,6.0,1400.0,0.74,13948.0,0.38,4.5,3.7,15.5,16.3,7.0,13.0,23.0,12000.0,17000.0,1
132,4.0,2025.0,Andrews,Performance,Aft,507.0,188.0,2025-04-04,3.6,27000.0,12.0,14.0,33.0,14.54,8.54,0.28,0.0,4.0,600.0,0.96,3945.0,0.11,12.0,13.4,14.2,13.2,1.0,23.0,33.0,22000.0,27000.0,1
133,4.0,2025.0,Andrews,Size,ANew2,208.0,0.0,2025-08-09,0.4,19000.0,7.0,6.0,33.5,13.45,9.76,0.3,0.0,3.0,600.0,0.35,3886.0,0.11,5.8,6.8,8.0,6.6,1.5,23.0,33.0,16000.0,21000.0,1
134,4.0,2025.0,Andrews,Size,Agape,86.0,88.0,2019-05-25,6.6,19000.0,4.0,11.0,30.0,10.12,8.54,0.21,0.0,4.0,1.0,0.99,3886.0,0.11,5.8,6.8,8.0,6.6,1.5,23.0,33.0,16000.0,21000.0,1
135,4.0,2025.0,Andrews,Traditional,Able,1636.0,127.0,2025-07-22,1.8,17500.0,7.8,12.2,28.0,10.23,7.93,0.35,0.0,4.5,1800.0,0.88,10504.0,0.28,7.8,7.8,12.2,12.2,2.0,20.5,30.5,14000.0,19000.0,1
136,4.0,2025.0,Baldwin,High End,Baker2,227.0,372.0,2025-04-29,0.7,25000.0,13.4,6.6,38.5,15.25,9.93,0.21,1.0,3.0,850.0,1.33,4656.0,0.13,11.1,12.5,8.9,7.5,0.0,28.0,38.0,20000.0,25000.0,1
137,4.0,2025.0,Baldwin,High End,Bid2,792.0,0.0,2024-06-30,1.5,23000.0,12.5,7.5,38.5,14.06,9.93,0.37,1.0,3.0,400.0,1.98,4656.0,0.13,11.1,12.5,8.9,7.5,0.0,28.0,38.0,20000.0,25000.0,1
138,4.0,2025.0,Baldwin,Low End,Bead,3196.0,1159.0,2026-02-10,8.6,14000.0,3.0,17.0,18.6,4.69,2.29,0.56,0.42,10.0,2650.0,1.4,13948.0,0.38,4.5,3.7,15.5,16.3,7.0,13.0,23.0,12000.0,17000.0,1
139,4.0,2025.0,Baldwin,NA,Bead2,0.0,0.0,2027-01-20,2.8,14000.0,4.5,16.0,20.0,0.0,0.0,0.0,0.0,5.0,400.0,0,,,,,,,,,,,,1
140,4.0,2025.0,Baldwin,Performance,Bold,774.0,414.0,2026-05-11,3.5,27000.0,11.4,14.6,33.0,12.59,9.93,0.27,1.0,5.0,850.0,1.98,3945.0,0.11,12.0,13.4,14.2,13.2,1.0,23.0,33.0,22000.0,27000.0,1
141,4.0,2025.0,Baldwin,Size,Buddy,763.0,426.0,2026-06-06,3.5,20000.0,5.4,9.0,33.0,10.53,9.93,0.33,1.0,5.0,900.0,1.98,3886.0,0.11,5.8,6.8,8.0,6.6,1.5,23.0,33.0,16000.0,21000.0,1
142,4.0,2025.0,Baldwin,Traditional,Baker,2481.0,836.0,2026-03-26,2.6,17500.0,7.1,12.9,27.7,8.63,2.36,0.55,0.6,10.0,1900.0,1.58,10504.0,0.28,7.8,7.8,12.2,12.2,2.0,20.5,30.5,14000.0,19000.0,1
143,4.0,2025.0,Chester,Low End,Cake,1584.0,0.0,2022-05-05,5.4,14000.0,5.7,14.3,19.2,6.96,3.82,0.43,0.33,8.0,1200.0,1.32,13948.0,0.38,4.5,3.7,15.5,16.3,7.0,13.0,23.0,12000.0,17000.0,1
144,4.0,2025.0,Chester,Low End,Cedar,2738.0,34.0,2017-05-25,8.6,14000.0,3.0,17.0,19.5,4.89,4.23,0.52,1.0,9.0,1400.0,1.98,13948.0,0.38,4.5,3.7,15.5,16.3,7.0,13.0,23.0,12000.0,17000.0,1
145,4.0,2025.0,Chester,Performance,C_PI,792.0,0.0,2024-07-15,1.5,27000.0,13.4,13.2,33.4,14.42,8.46,0.31,1.0,7.0,400.0,1.98,3945.0,0.11,12.0,13.4,14.2,13.2,1.0,23.0,33.0,22000.0,27000.0,1
146,4.0,2025.0,Chester,Performance,Coat,1091.0,97.0,2025-11-28,1.5,27000.0,14.4,12.5,33.2,15.07,8.46,0.31,1.0,7.0,1200.0,1.98,3945.0,0.11,12.0,13.4,14.2,13.2,1.0,23.0,33.0,22000.0,27000.0,1
147,4.0,2025.0,Chester,Traditional,Cid,1309.0,478.0,2025-12-17,1.9,19000.0,8.5,11.6,27.9,10.45,5.64,0.43,1.0,7.0,900.0,1.98,10504.0,0.28,7.8,7.8,12.2,12.2,2.0,20.5,30.5,14000.0,19000.0,1
148,4.0,2025.0,Chester,Traditional,Cure,1188.0,0.0,2025-09-23,1.6,19000.0,7.8,12.2,28.4,9.95,11.27,0.25,1.0,7.0,600.0,1.98,10504.0,0.28,7.8,7.8,12.2,12.2,2.0,20.5,30.5,14000.0,19000.0,1
149,4.0,2025.0,Digby,High End,DeeNee,1260.0,127.0,2025-08-27,1.1,22000.0,11.9,8.0,37.89,14.55,9.56,0.36,1.0,6.0,1000.0,1.98,4656.0,0.13,11.1,12.5,8.9,7.5,0.0,28.0,38.0,20000.0,25000.0,1
150,4.0,2025.0,Digby,Low End,Dell,2357.0,635.0,2025-02-01,8.6,15000.0,3.0,17.0,18.0,5.39,5.15,0.35,0.0,7.0,1600.0,0.99,13948.0,0.38,4.5,3.7,15.5,16.3,7.0,13.0,23.0,12000.0,17000.0,1
151,4.0,2025.0,Digby,NA,DeeKwa,0.0,0.0,2026-12-03,0.0,0.0,0.0,0.0,0.0,0.0,0.0,0.0,0.0,10.0,100.0,0,,,,,,,,,,,,1
152,4.0,2025.0,Digby,Performance,Dot,589.0,308.0,2025-08-16,2.1,27000.0,13.4,13.2,32.0,15.03,10.61,0.18,0.07,3.0,600.0,1.06,3945.0,0.11,12.0,13.4,14.2,13.2,1.0,23.0,33.0,22000.0,27000.0,1
153,4.0,2025.0,Digby,Size,Dune,901.0,0.0,2025-09-09,1.4,19000.0,6.8,7.0,31.99,12.5,11.97,0.24,0.52,3.0,600.0,1.5,3886.0,0.11,5.8,6.8,8.0,6.6,1.5,23.0,33.0,16000.0,21000.0,1
154,4.0,2025.0,Digby,Traditional,Daze,1622.0,91.0,2025-09-08,1.5,17500.0,7.8,12.0,25.01,10.02,7.73,0.28,0.0,5.0,1800.0,0.44,10504.0,0.28,7.8,7.8,12.2,12.2,2.0,20.5,30.5,14000.0,19000.0,1
155,4.0,2025.0,Erie,High End,Elite,783.0,145.0,2024-02-27,2.1,25000.0,11.6,9.0,38.0,14.59,8.4,0.37,0.58,5.0,600.0,1.55,4656.0,0.13,11.1,12.5,8.9,7.5,0.0,28.0,38.0,20000.0,25000.0,1
156,4.0,2025.0,Erie,High End,Elon,163.0,130.0,2025-06-27,0.5,25000.0,13.4,6.6,38.0,16.22,9.53,0.25,0.0,5.0,600.0,0.49,4656.0,0.13,11.1,12.5,8.9,7.5,0.0,28.0,38.0,20000.0,25000.0,1
157,4.0,2025.0,Erie,Low End,Ebb,2759.0,83.0,2017-05-25,8.6,14000.0,3.0,17.0,18.0,4.99,7.37,0.3,1.0,9.0,1400.0,1.95,13948.0,0.38,4.5,3.7,15.5,16.3,7.0,13.0,23.0,12000.0,17000.0,1
158,4.0,2025.0,Erie,Size,Egg,1022.0,510.0,2025-06-29,1.7,21000.0,7.5,5.6,33.0,13.66,10.32,0.26,1.0,4.0,600.0,1.95,3886.0,0.11,5.8,6.8,8.0,6.6,1.5,23.0,33.0,16000.0,21000.0,1
159,4.0,2025.0,Erie,Traditional,Eat,2098.0,724.0,2025-02-12,2.4,17500.0,7.8,12.2,28.0,9.73,4.17,0.44,0.0,9.5,1800.0,0.98,10504.0,0.28,7.8,7.8,12.2,12.2,2.0,20.5,30.5,14000.0,19000.0,1
160,4.0,2025.0,Ferris,High End,Fist,629.0,311.0,2025-09-04,1.3,24000.0,11.5,8.7,38.0,15.2,9.02,0.33,0.0,4.0,950.0,0.99,4656.0,0.13,11.1,12.5,8.9,7.5,0.0,28.0,38.0,20000.0,25000.0,1
161,4.0,2025.0,Ferris,Low End,Fast,519.0,74.0,2024-01-29,5.4,17000.0,5.4,14.6,22.0,8.15,7.73,0.24,0.0,5.0,800.0,0.62,13948.0,0.38,4.5,3.7,15.5,16.3,7.0,13.0,23.0,12000.0,17000.0,1
162,4.0,2025.0,Ferris,Performance,Foam,193.0,153.0,2025-11-06,1.3,24000.0,12.2,13.5,33.0,13.94,9.02,0.25,0.0,4.0,600.0,0.58,3945.0,0.11,12.0,13.4,14.2,13.2,1.0,23.0,33.0,22000.0,27000.0,1
163,4.0,2025.0,Ferris,Size,Fume,668.0,174.0,2025-08-23,1.5,18000.0,5.3,7.4,33.0,12.1,9.78,0.32,0.21,4.0,700.0,1.2,3886.0,0.11,5.8,6.8,8.0,6.6,1.5,23.0,33.0,16000.0,21000.0,1
164,5.0,2026.0,Andrews,High End,ANew1,1188.0,0.0,2026-05-27,1.4,24000.0,13.4,6.6,37.5,15.74,12.1,0.26,1.0,3.0,1200.0,1.98,5411.0,0.13,12.0,13.4,8.0,6.6,0.0,27.5,37.5,20000.0,25000.0,1
165,5.0,2026.0,Andrews,High End,Adam,85.0,361.0,2023-05-06,5.2,23000.0,9.5,10.0,36.0,12.65,9.77,-0.01,0.0,3.0,900.0,0.01,5411.0,0.13,12.0,13.4,8.0,6.6,0.0,27.5,37.5,20000.0,25000.0,1
166,5.0,2026.0,Andrews,Low End,Acre,1519.0,0.0,2027-04-10,9.6,14000.0,3.0,17.0,18.5,4.79,6.11,0.36,0.0,6.0,1400.0,0.5,15580.0,0.37,5.0,4.2,15.0,15.8,7.0,12.5,22.5,12000.0,17000.0,1
167,5.0,2026.0,Andrews,Performance,Aft,492.0,211.0,2027-03-23,4.6,27000.0,12.0,14.0,33.0,13.75,8.55,0.28,0.0,4.0,600.0,0.86,4726.0,0.11,13.0,14.4,13.5,12.5,1.0,22.5,32.5,22000.0,27000.0,1
168,5.0,2026.0,Andrews,Size,ANew2,1098.0,90.0,2025-08-09,1.4,19000.0,7.0,6.0,32.5,12.57,12.1,0.23,1.0,3.0,1200.0,1.98,4597.0,0.11,6.5,7.5,7.0,5.6,1.5,22.5,32.5,16000.0,21000.0,1
169,5.0,2026.0,Andrews,Size,Agape,5.0,84.0,2019-05-25,7.6,19000.0,4.0,11.0,30.0,9.48,8.55,-1.05,0.0,4.0,1.0,0.99,4597.0,0.11,6.5,7.5,7.0,5.6,1.5,22.5,32.5,16000.0,21000.0,1
170,5.0,2026.0,Andrews,Traditional,Able,1909.0,0.0,2025-07-22,2.8,17500.0,7.8,12.2,27.0,9.51,7.94,0.34,0.0,4.5,1800.0,0.99,11470.0,0.27,8.5,8.5,11.5,11.5,2.0,19.5,29.5,14000.0,19000.0,1
171,5.0,2026.0,Baldwin,High End,Baker2,1192.0,230.0,2027-09-14,1.7,25000.0,13.4,6.6,38.0,14.21,8.76,0.36,0.25,3.0,850.0,1.23,5411.0,0.13,12.0,13.4,8.0,6.6,0.0,27.5,37.5,20000.0,25000.0,1
172,5.0,2026.0,Baldwin,High End,Bid2,700.0,22.0,2027-09-15,2.5,23000.0,12.5,7.5,37.75,13.07,9.73,0.39,0.82,3.0,400.0,1.81,5411.0,0.13,12.0,13.4,8.0,6.6,0.0,27.5,37.5,20000.0,25000.0,1
173,5.0,2026.0,Baldwin,Low End,Bead,3367.0,0.0,2026-02-10,5.2,14000.0,4.2,15.8,17.49,5.06,1.0,0.62,0.0,10.0,2650.0,0.83,15580.0,0.37,5.0,4.2,15.0,15.8,7.0,12.5,22.5,12000.0,17000.0,1
174,5.0,2026.0,Baldwin,Low End,Bead2,792.0,0.0,2027-01-20,3.8,14000.0,4.5,16.0,16.99,5.11,7.43,0.25,1.0,10.0,950.0,1.98,15580.0,0.37,5.0,4.2,15.0,15.8,7.0,12.5,22.5,12000.0,17000.0,1
175,5.0,2026.0,Baldwin,NA,Bee,0.0,0.0,2027-03-17,0.0,0.0,0.0,0.0,0.0,0.0,0.0,0.0,0.0,5.0,650.0,0,,,,,,,,,,,,1
176,5.0,2026.0,Baldwin,Performance,Bold,1080.0,77.0,2026-05-11,2.5,27000.0,14.5,12.5,32.5,13.57,6.0,0.36,0.0,5.0,850.0,0.87,4726.0,0.11,13.0,14.4,13.5,12.5,1.0,22.5,32.5,22000.0,27000.0,1
177,5.0,2026.0,Baldwin,Size,Buddy,937.0,231.0,2026-06-06,2.5,20000.0,7.5,5.5,32.5,11.72,6.0,0.42,0.0,5.0,900.0,0.83,4597.0,0.11,6.5,7.5,7.0,5.6,1.5,22.5,32.5,16000.0,21000.0,1
178,5.0,2026.0,Baldwin,Traditional,Baker,2713.0,350.0,2026-03-26,2.2,17500.0,8.5,11.5,27.19,8.91,1.07,0.6,0.18,10.0,1900.0,1.17,11470.0,0.27,8.5,8.5,11.5,11.5,2.0,19.5,29.5,14000.0,19000.0,1
179,5.0,2026.0,Chester,Low End,Cake,2376.0,0.0,2022-05-05,6.4,14000.0,5.7,14.3,19.2,6.09,4.15,0.46,1.0,9.0,2200.0,1.98,15580.0,0.37,5.0,4.2,15.0,15.8,7.0,12.5,22.5,12000.0,17000.0,1
180,5.0,2026.0,Chester,Low End,Cedar,2269.0,537.0,2027-04-04,9.6,14000.0,3.0,17.0,18.9,4.25,2.76,0.61,1.0,9.0,1400.0,1.98,15580.0,0.37,5.0,4.2,15.0,15.8,7.0,12.5,22.5,12000.0,17000.0,1
181,5.0,2026.0,Chester,NA,C_P2,0.0,0.0,2026-12-21,0.0,25000.0,14.3,5.7,30.0,0.0,0.0,0.0,0.0,3.0,700.0,0,,,,,,,,,,,,1
182,5.0,2026.0,Chester,Performance,C_PI,792.0,0.0,2027-01-15,2.5,27000.0,13.4,13.2,32.2,12.98,5.53,0.42,1.0,7.0,480.0,1.98,4726.0,0.11,13.0,14.4,13.5,12.5,1.0,22.5,32.5,22000.0,27000.0,1
183,5.0,2026.0,Chester,Performance,Coat,1348.0,1125.0,2025-11-28,2.5,27000.0,14.4,12.5,32.4,13.55,5.53,0.34,1.0,7.0,1200.0,1.98,4726.0,0.11,13.0,14.4,13.5,12.5,1.0,22.5,32.5,22000.0,27000.0,1
184,5.0,2026.0,Chester,Traditional,Cid,2260.0,0.0,2025-12-17,2.9,19000.0,8.5,11.6,27.3,9.28,5.53,0.45,1.0,8.0,900.0,1.98,11470.0,0.27,8.5,8.5,11.5,11.5,2.0,19.5,29.5,14000.0,19000.0,1
185,5.0,2026.0,Chester,Traditional,Cure,1188.0,0.0,2026-11-14,1.3,19000.0,9.2,10.8,27.3,9.79,5.53,0.46,1.0,8.0,600.0,1.98,11470.0,0.27,8.5,8.5,11.5,11.5,2.0,19.5,29.5,14000.0,19000.0,1
186,5.0,2026.0,Digby,High End,DeeNee,879.0,435.0,2026-08-02,1.3,22000.0,12.8,7.0,37.89,13.21,6.48,0.44,0.2,6.0,1000.0,1.19,5411.0,0.13,12.0,13.4,8.0,6.6,0.0,27.5,37.5,20000.0,25000.0,1
187,5.0,2026.0,Digby,Low End,Dell,2375.0,438.0,2027-05-02,9.6,15000.0,3.0,17.0,17.77,4.56,5.43,0.4,0.37,7.0,1600.0,1.36,15580.0,0.37,5.0,4.2,15.0,15.8,7.0,12.5,22.5,12000.0,17000.0,1
188,5.0,2026.0,Digby,NA,Dcuk,0.0,0.0,2027-06-26,0.0,0.0,0.0,0.0,0.0,0.0,0.0,0.0,0.0,10.0,50.0,0,,,,,,,,,,,,1
189,5.0,2026.0,Digby,NA,DeeKwa,0.0,13.0,2026-12-03,0.1,22000.0,15.5,5.5,45.0,14.66,1.48,0.0,0.98,10.0,600.0,0.13,,,,,,,,,,,,1
190,5.0,2026.0,Digby,Performance,Dot,787.0,115.0,2026-05-13,1.9,27000.0,14.4,12.8,32.08,13.6,9.6,0.25,0.0,3.0,600.0,0.99,4726.0,0.11,13.0,14.4,13.5,12.5,1.0,22.5,32.5,22000.0,27000.0,1
191,5.0,2026.0,Digby,Size,Dune,1066.0,122.0,2026-06-03,1.5,19000.0,7.5,6.0,31.99,11.35,11.89,0.26,1.0,3.0,600.0,1.98,4597.0,0.11,6.5,7.5,7.0,5.6,1.5,22.5,32.5,16000.0,21000.0,1
192,5.0,2026.0,Digby,Traditional,Daze,1812.0,62.0,2025-09-08,2.5,17500.0,7.8,12.0,25.03,8.58,7.2,0.35,0.0,5.0,1800.0,0.99,11470.0,0.27,8.5,8.5,11.5,11.5,2.0,19.5,29.5,14000.0,19000.0,1
193,5.0,2026.0,Erie,High End,Elite,252.0,50.0,2027-04-18,3.1,25000.0,11.6,9.0,38.0,12.88,6.79,0.42,0.0,6.0,600.0,0.26,5411.0,0.13,12.0,13.4,8.0,6.6,0.0,27.5,37.5,20000.0,25000.0,1
194,5.0,2026.0,Erie,High End,Elon,743.0,266.0,2025-06-27,1.5,25000.0,13.4,6.6,38.0,14.31,7.87,0.37,0.5,6.0,600.0,1.47,5411.0,0.13,12.0,13.4,8.0,6.6,0.0,27.5,37.5,20000.0,25000.0,1
195,5.0,2026.0,Erie,Low End,Ebb,2446.0,372.0,2027-01-14,9.6,14000.0,3.0,17.0,18.0,4.27,2.8,0.58,1.0,10.0,1700.0,1.95,15580.0,0.37,5.0,4.2,15.0,15.8,7.0,12.5,22.5,12000.0,17000.0,1
196,5.0,2026.0,Erie,Size,Egg,1199.0,132.0,2025-06-29,2.7,21000.0,7.5,5.6,32.5,12.02,9.0,0.31,0.4,6.0,600.0,1.37,4597.0,0.11,6.5,7.5,7.0,5.6,1.5,22.5,32.5,16000.0,21000.0,1
197,5.0,2026.0,Erie,Traditional,Eat,1461.0,1021.0,2027-03-01,3.4,17500.0,7.8,12.2,27.5,8.48,1.7,0.54,0.0,10.0,1800.0,0.98,11470.0,0.27,8.5,8.5,11.5,11.5,2.0,19.5,29.5,14000.0,19000.0,1
198,5.0,2026.0,Ferris,High End,Fist,369.0,289.0,2026-11-20,1.2,24000.0,12.5,7.5,37.5,15.12,9.45,0.3,0.0,4.0,950.0,0.36,5411.0,0.13,12.0,13.4,8.0,6.6,0.0,27.5,37.5,20000.0,25000.0,1
199,5.0,2026.0,Ferris,Low End,Fast,564.0,5.0,2024-01-29,6.4,17000.0,5.4,14.6,22.0,7.56,8.1,0.27,0.0,5.0,800.0,0.62,15580.0,0.37,5.0,4.2,15.0,15.8,7.0,12.5,22.5,12000.0,17000.0,1
200,5.0,2026.0,Ferris,Performance,Foam,226.0,26.0,2026-10-12,1.3,24000.0,13.4,12.8,33.0,13.87,9.45,0.3,0.0,4.0,600.0,0.17,4726.0,0.11,13.0,14.4,13.5,12.5,1.0,22.5,32.5,22000.0,27000.0,1
201,5.0,2026.0,Ferris,Size,Fume,290.0,280.0,2026-11-20,1.3,18000.0,6.5,6.4,33.0,12.03,9.45,0.28,0.0,4.0,700.0,0.57,4597.0,0.11,6.5,7.5,7.0,5.6,1.5,22.5,32.5,16000.0,21000.0,1
202,6.0,2027.0,Andrews,High End,ANew1,1367.0,1009.0,2027-06-06,1.5,24000.0,14.3,5.7,37.0,15.32,11.88,0.2,1.0,4.0,1200.0,1.98,6287.0,0.13,12.9,14.3,7.1,5.7,0.0,27.0,37.0,20000.0,25000.0,1
203,6.0,2027.0,Andrews,Low End,Acre,1712.0,1060.0,2027-04-10,5.7,14000.0,5.7,14.3,16.75,6.27,7.43,0.14,1.0,6.0,1400.0,1.98,17403.0,0.37,5.5,4.7,14.5,15.3,7.0,12.0,22.0,12000.0,17000.0,1
204,6.0,2027.0,Andrews,Low End,Agape,17.0,68.0,2019-05-25,8.6,19000.0,4.0,11.0,22.0,8.85,8.39,-0.42,0.0,4.0,1.0,0.99,17403.0,0.37,5.5,4.7,14.5,15.3,7.0,12.0,22.0,12000.0,17000.0,1
205,6.0,2027.0,Andrews,Performance,Aft,934.0,465.0,2027-03-23,3.2,27000.0,15.4,11.8,32.0,14.92,10.4,0.18,1.0,4.0,600.0,1.98,5661.0,0.12,14.0,15.4,12.8,11.8,1.0,22.0,32.0,22000.0,27000.0,1
206,6.0,2027.0,Andrews,Size,ANew2,968.0,311.0,2028-01-26,2.4,19000.0,7.0,6.0,32.0,11.68,9.59,0.29,0.0,4.0,1200.0,0.99,5438.0,0.11,7.2,8.2,6.0,4.6,1.5,22.0,32.0,16000.0,21000.0,1
207,6.0,2027.0,Andrews,Traditional,Able,1782.0,0.0,2027-07-07,2.1,17500.0,8.5,11.0,26.49,9.47,7.79,0.35,0.0,4.5,1800.0,0.99,12526.0,0.26,9.2,9.2,10.8,10.8,2.0,19.0,29.0,14000.0,19000.0,1
208,6.0,2027.0,Andrews,Traditional,Adam,150.0,212.0,2023-05-06,6.2,23000.0,9.5,10.0,30.0,11.81,9.59,0.07,0.0,3.0,900.0,0,12526.0,0.26,9.2,9.2,10.8,10.8,2.0,19.0,29.0,14000.0,19000.0,1
209,6.0,2027.0,Baldwin,High End,Baker2,501.0,135.0,2027-09-14,1.5,27000.0,16.3,11.2,37.0,13.81,8.06,0.37,0.0,6.0,650.0,0.62,6287.0,0.13,12.9,14.3,7.1,5.7,0.0,27.0,37.0,20000.0,25000.0,1
210,6.0,2027.0,Baldwin,High End,Bee,941.0,0.0,2027-03-17,0.8,25000.0,14.4,5.7,37.0,13.99,7.37,0.42,0.85,6.0,800.0,1.45,6287.0,0.13,12.9,14.3,7.1,5.7,0.0,27.0,37.0,20000.0,25000.0,1
211,6.0,2027.0,Baldwin,High End,Bid2,399.0,0.0,2027-09-15,1.9,20000.0,8.2,4.5,32.0,11.53,8.06,0.36,0.0,5.0,550.0,0.94,6287.0,0.13,12.9,14.3,7.1,5.7,0.0,27.0,37.0,20000.0,25000.0,1
212,6.0,2027.0,Baldwin,Low End,Bead,4293.0,64.0,2026-02-10,6.2,14000.0,4.2,15.8,16.25,4.65,1.2,0.63,0.66,10.0,2650.0,1.64,17403.0,0.37,5.5,4.7,14.5,15.3,7.0,12.0,22.0,12000.0,17000.0,1
213,6.0,2027.0,Baldwin,Performance,Bold,1364.0,0.0,2027-06-30,2.0,27000.0,15.5,11.8,31.8,13.38,7.04,0.36,0.53,5.0,850.0,1.51,5661.0,0.12,14.0,15.4,12.8,11.8,1.0,22.0,32.0,22000.0,27000.0,1
214,6.0,2027.0,Baldwin,Size,Buddy,1272.0,97.0,2028-01-02,3.5,20000.0,7.5,5.5,31.75,10.99,6.67,0.43,0.28,5.0,900.0,1.27,5438.0,0.11,7.2,8.2,6.0,4.6,1.5,22.0,32.0,16000.0,21000.0,1
215,6.0,2027.0,Baldwin,Traditional,Baker,2204.0,325.0,2028-02-21,3.2,17500.0,8.5,11.5,25.99,8.3,1.12,0.62,0.29,10.0,1700.0,1.28,12526.0,0.26,9.2,9.2,10.8,10.8,2.0,19.0,29.0,14000.0,19000.0,1
216,6.0,2027.0,Baldwin,Traditional,Bead2,1824.0,57.0,2027-01-20,2.9,17500.0,9.2,10.8,26.49,8.74,1.25,0.61,1.0,10.0,1100.0,1.98,12526.0,0.26,9.2,9.2,10.8,10.8,2.0,19.0,29.0,14000.0,19000.0,1
217,6.0,2027.0,Chester,High End,C_P2,1162.0,225.0,2026-12-21,1.0,25000.0,14.3,5.7,37.0,13.97,11.03,0.3,1.0,3.0,700.0,1.98,6287.0,0.13,12.9,14.3,7.1,5.7,0.0,27.0,37.0,20000.0,25000.0,1
218,6.0,2027.0,Chester,Low End,Cake,2523.0,646.0,2022-05-05,7.4,14000.0,5.7,14.3,18.4,5.61,2.56,0.53,0.45,10.0,2200.0,1.44,17403.0,0.37,5.5,4.7,14.5,15.3,7.0,12.0,22.0,12000.0,17000.0,1
219,6.0,2027.0,Chester,Low End,Cedar,2696.0,20.0,2027-04-04,5.7,14000.0,4.7,15.3,18.0,4.97,2.61,0.59,0.57,10.0,1400.0,1.56,17403.0,0.37,5.5,4.7,14.5,15.3,7.0,12.0,22.0,12000.0,17000.0,1
220,6.0,2027.0,Chester,Performance,C_PI,951.0,0.0,2027-01-15,2.2,27000.0,15.4,11.8,31.6,13.35,5.52,0.4,1.0,7.0,680.0,1.98,5661.0,0.12,14.0,15.4,12.8,11.8,1.0,22.0,32.0,22000.0,27000.0,1
221,6.0,2027.0,Chester,Performance,Coat,1412.0,604.0,2028-01-15,3.5,27000.0,14.4,12.5,31.8,12.82,4.45,0.39,0.0,7.0,1200.0,0.74,5661.0,0.12,14.0,15.4,12.8,11.8,1.0,22.0,32.0,22000.0,27000.0,1
222,6.0,2027.0,Chester,Traditional,Cid,1211.0,571.0,2028-01-03,3.9,19000.0,8.5,11.6,26.5,8.67,4.14,0.48,1.0,9.0,1400.0,1.98,12526.0,0.26,9.2,9.2,10.8,10.8,2.0,19.0,29.0,14000.0,19000.0,1
223,6.0,2027.0,Chester,Traditional,Cure,1188.0,0.0,2026-11-14,2.3,19000.0,9.2,10.8,26.8,9.15,4.14,0.5,1.0,9.0,1200.0,1.98,12526.0,0.26,9.2,9.2,10.8,10.8,2.0,19.0,29.0,14000.0,19000.0,1
224,6.0,2027.0,Digby,High End,DeeKwa,129.0,478.0,2026-12-03,1.1,22000.0,15.5,5.5,38.0,13.61,1.16,0.43,0.0,10.0,1000.0,0.99,6287.0,0.13,12.9,14.3,7.1,5.7,0.0,27.0,37.0,20000.0,25000.0,1
225,6.0,2027.0,Digby,High End,DeeNee,693.0,931.0,2027-11-05,1.2,22000.0,14.3,5.7,37.49,13.16,6.25,0.41,0.2,6.0,1000.0,1.19,6287.0,0.13,12.9,14.3,7.1,5.7,0.0,27.0,37.0,20000.0,25000.0,1
226,6.0,2027.0,Digby,Low End,Dell,1874.0,742.0,2027-05-02,5.6,14000.0,5.2,14.8,17.77,5.29,5.24,0.39,0.37,7.0,1600.0,1.36,17403.0,0.37,5.5,4.7,14.5,15.3,7.0,12.0,22.0,12000.0,17000.0,1
227,6.0,2027.0,Digby,Performance,Dot,709.0,0.0,2027-05-21,1.7,27000.0,15.2,12.0,32.08,13.22,9.27,0.29,0.0,3.0,600.0,0.99,5661.0,0.12,14.0,15.4,12.8,11.8,1.0,22.0,32.0,22000.0,27000.0,1
228,6.0,2027.0,Digby,Size,Dcuk,50.0,0.0,2027-06-26,0.5,21000.0,8.9,3.6,34.0,12.29,1.43,0.59,0.95,10.0,200.0,0.99,5438.0,0.11,7.2,8.2,6.0,4.6,1.5,22.0,32.0,16000.0,21000.0,1
229,6.0,2027.0,Digby,Size,Dune,1310.0,0.0,2027-07-26,1.5,19000.0,8.2,4.6,31.49,11.22,11.48,0.28,1.0,3.0,600.0,1.98,5438.0,0.11,7.2,8.2,6.0,4.6,1.5,22.0,32.0,16000.0,21000.0,1
230,6.0,2027.0,Digby,Traditional,Daze,1653.0,191.0,2027-08-15,1.9,17500.0,9.0,11.0,25.05,8.62,6.95,0.38,0.0,5.0,1800.0,0.99,12526.0,0.26,9.2,9.2,10.8,10.8,2.0,19.0,29.0,14000.0,19000.0,1
231,6.0,2027.0,Erie,High End,Elite,510.0,712.0,2027-04-18,2.4,25000.0,14.3,5.7,38.0,13.96,6.99,0.36,1.0,6.0,600.0,1.95,6287.0,0.13,12.9,14.3,7.1,5.7,0.0,27.0,37.0,20000.0,25000.0,1
232,6.0,2027.0,Erie,High End,Elon,266.0,0.0,2028-01-11,2.5,25000.0,13.4,6.6,38.0,0.0,0.0,0.4,0.0,6.0,600.0,0,6287.0,0.13,12.9,14.3,7.1,5.7,0.0,27.0,37.0,20000.0,25000.0,1
233,6.0,2027.0,Erie,Low End,Ebb,3667.0,26.0,2027-01-14,5.8,14000.0,4.6,16.1,16.0,4.71,1.4,0.6,1.0,10.0,2400.0,1.95,17403.0,0.37,5.5,4.7,14.5,15.3,7.0,12.0,22.0,12000.0,17000.0,1
234,6.0,2027.0,Erie,Size,Egg,1304.0,0.0,2027-07-09,2.1,21000.0,8.2,4.6,32.5,11.75,6.99,0.41,1.0,6.0,1000.0,1.95,5438.0,0.11,7.2,8.2,6.0,4.6,1.5,22.0,32.0,16000.0,21000.0,1
235,6.0,2027.0,Erie,Traditional,Eat,2541.0,922.0,2027-03-01,2.6,17500.0,9.2,10.8,26.5,8.74,1.28,0.58,0.39,10.0,1800.0,1.36,12526.0,0.26,9.2,9.2,10.8,10.8,2.0,19.0,29.0,14000.0,19000.0,1
236,6.0,2027.0,Ferris,High End,Fist,427.0,110.0,2027-10-17,1.2,24000.0,13.5,6.5,37.0,14.95,9.9,0.32,0.0,4.0,950.0,0.26,6287.0,0.13,12.9,14.3,7.1,5.7,0.0,27.0,37.0,20000.0,25000.0,1
237,6.0,2027.0,Ferris,Low End,Fast,613.0,184.0,2024-01-29,7.4,17000.0,5.4,14.6,21.0,7.04,8.49,0.22,0.0,5.0,800.0,0.99,17403.0,0.37,5.5,4.7,14.5,15.3,7.0,12.0,22.0,12000.0,17000.0,1
238,6.0,2027.0,Ferris,Performance,Foam,292.0,80.0,2027-10-24,1.2,24000.0,14.6,12.0,32.0,13.81,9.9,0.25,0.0,4.0,600.0,0.58,5661.0,0.12,14.0,15.4,12.8,11.8,1.0,22.0,32.0,22000.0,27000.0,1
239,6.0,2027.0,Ferris,Size,Fume,408.0,70.0,2027-10-12,1.3,18000.0,7.2,5.2,32.0,11.95,9.9,0.32,0.0,4.0,700.0,0.28,5438.0,0.11,7.2,8.2,6.0,4.6,1.5,22.0,32.0,16000.0,21000.0,1
240,7.0,2028.0,Andrews,High End,ANew1,1132.0,1065.0,2028-06-03,1.5,24000.0,15.2,4.8,36.5,15.03,8.65,0.23,0.0,4.0,1200.0,0.99,7306.0,0.14,13.8,15.2,6.2,4.8,0.0,26.5,36.5,20000.0,25000.0,1
241,7.0,2028.0,Andrews,Low End,Acre,2446.0,0.0,2027-04-10,6.7,14000.0,5.7,14.3,16.25,5.8,6.18,0.22,0.0,6.0,1400.0,0.99,19439.0,0.36,6.0,5.2,14.0,14.8,7.0,11.5,21.5,12000.0,17000.0,1
242,7.0,2028.0,Andrews,Low End,Agape,58.0,11.0,2019-05-25,9.6,19000.0,4.0,11.0,22.0,8.36,8.65,0.02,0.0,4.0,1.0,0.99,19439.0,0.36,6.0,5.2,14.0,14.8,7.0,11.5,21.5,12000.0,17000.0,1
243,7.0,2028.0,Andrews,Performance,Aft,840.0,813.0,2027-03-23,4.2,27000.0,15.4,11.8,30.99,14.15,10.71,0.1,1.0,4.0,600.0,1.98,6782.0,0.13,15.0,16.4,12.1,11.1,1.0,21.5,31.5,22000.0,27000.0,1
244,7.0,2028.0,Andrews,Size,ANew2,1032.0,1655.0,2028-01-26,2.2,19000.0,8.9,3.6,31.5,12.34,10.71,0.13,1.0,4.0,1200.0,1.98,6433.0,0.12,7.9,8.9,5.0,3.6,1.5,21.5,31.5,16000.0,21000.0,1
245,7.0,2028.0,Andrews,Traditional,Able,2307.0,1257.0,2028-05-20,1.9,17500.0,9.0,10.0,25.99,9.35,9.94,0.21,1.0,4.5,1800.0,1.98,13678.0,0.26,9.9,9.9,10.1,10.1,2.0,21.0,31.0,14000.0,19000.0,1
246,7.0,2028.0,Andrews,Traditional,Adam,113.0,100.0,2023-05-06,7.2,23000.0,9.5,10.0,30.0,11.14,9.88,0.12,0.0,3.0,1.0,0.99,13678.0,0.26,9.9,9.9,10.1,10.1,2.0,21.0,31.0,14000.0,19000.0,1
247,7.0,2028.0,Baldwin,High End,Bee,1359.0,225.0,2028-08-07,1.1,25000.0,15.3,4.7,36.49,13.75,6.33,0.44,1.0,6.0,800.0,1.98,7306.0,0.14,13.8,15.2,6.2,4.8,0.0,26.5,36.5,20000.0,25000.0,1
248,7.0,2028.0,Baldwin,Low End,Bead,4511.0,528.0,2026-02-10,7.2,14000.0,4.2,15.8,15.24,4.29,1.25,0.62,0.9,10.0,2700.0,1.88,19439.0,0.36,6.0,5.2,14.0,14.8,7.0,11.5,21.5,12000.0,17000.0,1
249,7.0,2028.0,Baldwin,Performance,Baker2,1066.0,0.0,2028-03-16,1.6,27000.0,16.5,11.1,31.29,13.18,5.87,0.37,0.45,6.0,725.0,1.43,6782.0,0.13,15.0,16.4,12.1,11.1,1.0,21.5,31.5,22000.0,27000.0,1
250,7.0,2028.0,Baldwin,Performance,Bold,1322.0,44.0,2028-09-15,1.7,27000.0,16.9,10.8,31.09,13.38,7.26,0.34,0.62,5.0,850.0,1.61,6782.0,0.13,15.0,16.4,12.1,11.1,1.0,21.5,31.5,22000.0,27000.0,1
251,7.0,2028.0,Baldwin,Size,Bid2,1089.0,0.0,2028-09-24,1.6,20000.0,9.3,3.1,30.74,11.55,7.6,0.39,1.0,5.0,700.0,1.98,6433.0,0.12,7.9,8.9,5.0,3.6,1.5,21.5,31.5,16000.0,21000.0,1
252,7.0,2028.0,Baldwin,Size,Buddy,1131.0,134.0,2028-01-02,2.8,20000.0,8.9,3.5,30.89,11.33,6.83,0.4,0.31,5.0,900.0,1.3,6433.0,0.12,7.9,8.9,5.0,3.6,1.5,21.5,31.5,16000.0,21000.0,1
253,7.0,2028.0,Baldwin,Traditional,Baker,2572.0,0.0,2028-02-21,2.5,17500.0,9.6,10.5,25.49,8.38,1.15,0.62,0.34,10.0,1700.0,1.32,13678.0,0.26,9.9,9.9,10.1,10.1,2.0,21.0,31.0,14000.0,19000.0,1
254,7.0,2028.0,Baldwin,Traditional,Bead2,1291.0,944.0,2028-11-29,2.0,17500.0,9.9,10.1,24.99,8.58,1.27,0.58,1.0,10.0,1350.0,1.98,13678.0,0.26,9.9,9.9,10.1,10.1,2.0,21.0,31.0,14000.0,19000.0,1
255,7.0,2028.0,Chester,High End,C_P2,1036.0,0.0,2028-06-05,1.3,25000.0,15.2,4.8,36.5,13.7,9.56,0.35,0.17,3.0,700.0,1.16,7306.0,0.14,13.8,15.2,6.2,4.8,0.0,26.5,36.5,20000.0,25000.0,1
256,7.0,2028.0,Chester,Low End,Cake,4210.0,0.0,2022-05-05,8.4,14000.0,5.7,14.3,14.85,5.18,1.32,0.53,0.64,10.0,2200.0,1.62,19439.0,0.36,6.0,5.2,14.0,14.8,7.0,11.5,21.5,12000.0,17000.0,1
257,7.0,2028.0,Chester,Low End,Cedar,1406.0,0.0,2027-04-04,6.7,14000.0,4.7,15.3,17.5,4.59,1.12,0.66,0.0,10.0,1400.0,0.99,19439.0,0.36,6.0,5.2,14.0,14.8,7.0,11.5,21.5,12000.0,17000.0,1
258,7.0,2028.0,Chester,Performance,C_PI,1194.0,153.0,2029-01-26,3.2,27000.0,15.4,11.8,31.1,12.65,5.53,0.4,1.0,8.0,680.0,1.98,6782.0,0.13,15.0,16.4,12.1,11.1,1.0,21.5,31.5,22000.0,27000.0,1
259,7.0,2028.0,Chester,Performance,Coat,1221.0,1562.0,2028-01-15,2.8,27000.0,16.4,11.1,31.3,13.14,5.44,0.31,0.83,8.0,1200.0,1.82,6782.0,0.13,15.0,16.4,12.1,11.1,1.0,21.5,31.5,22000.0,27000.0,1
260,7.0,2028.0,Chester,Traditional,Cid,2511.0,40.0,2028-01-03,3.0,19000.0,9.9,10.1,26.2,8.98,2.55,0.54,0.43,10.0,1400.0,1.41,13678.0,0.26,9.9,9.9,10.1,10.1,2.0,21.0,31.0,14000.0,19000.0,1
261,7.0,2028.0,Chester,Traditional,Cure,1715.0,67.0,2029-02-19,3.3,19000.0,9.2,10.8,25.9,8.57,2.59,0.56,0.5,10.0,1200.0,1.49,13678.0,0.26,9.9,9.9,10.1,10.1,2.0,21.0,31.0,14000.0,19000.0,1
262,7.0,2028.0,Digby,High End,DeeKwa,810.0,1152.0,2028-01-26,2.1,25000.0,15.5,5.5,36.0,13.58,1.36,0.51,0.5,10.0,1000.0,1.49,7306.0,0.14,13.8,15.2,6.2,4.8,0.0,26.5,36.5,20000.0,25000.0,1
263,7.0,2028.0,Digby,High End,DeeNee,1074.0,847.0,2028-04-20,1.4,22000.0,14.8,5.3,35.5,12.64,5.85,0.42,0.0,6.0,1000.0,0.99,7306.0,0.14,13.8,15.2,6.2,4.8,0.0,26.5,36.5,20000.0,25000.0,1
264,7.0,2028.0,Digby,Low End,Dell,2327.0,0.0,2027-05-02,6.6,14000.0,5.2,14.8,15.0,4.88,4.68,0.34,0.0,7.0,1600.0,0.99,19439.0,0.36,6.0,5.2,14.0,14.8,7.0,11.5,21.5,12000.0,17000.0,1
265,7.0,2028.0,Digby,Performance,Dot,848.0,340.0,2028-04-16,1.7,27000.0,16.0,11.5,30.5,12.92,11.59,0.15,1.0,3.0,600.0,1.98,6782.0,0.13,15.0,16.4,12.1,11.1,1.0,21.5,31.5,22000.0,27000.0,1
266,7.0,2028.0,Digby,Size,Dcuk,396.0,0.0,2027-06-26,1.5,21000.0,8.9,3.6,33.0,11.55,1.45,0.6,1.0,10.0,200.0,1.98,6433.0,0.12,7.9,8.9,5.0,3.6,1.5,21.5,31.5,16000.0,21000.0,1
267,7.0,2028.0,Digby,Size,Dune,1105.0,83.0,2028-03-13,1.6,19000.0,8.5,4.0,31.39,10.81,11.59,0.28,1.0,3.0,600.0,1.98,6433.0,0.12,7.9,8.9,5.0,3.6,1.5,21.5,31.5,16000.0,21000.0,1
268,7.0,2028.0,Digby,Traditional,Daze,1842.0,131.0,2027-08-15,2.9,17500.0,9.0,11.0,25.05,8.05,7.02,0.39,0.0,5.0,1800.0,0.99,13678.0,0.26,9.9,9.9,10.1,10.1,2.0,21.0,31.0,14000.0,19000.0,1
269,7.0,2028.0,Erie,High End,Elite,649.0,63.0,2029-01-11,3.4,25000.0,14.3,5.7,36.0,0.0,0.0,0.42,0.0,6.0,1000.0,0,7306.0,0.14,13.8,15.2,6.2,4.8,0.0,26.5,36.5,20000.0,25000.0,1
270,7.0,2028.0,Erie,High End,Elon,794.0,378.0,2028-01-11,2.2,25000.0,15.2,4.8,36.5,13.69,7.01,0.39,1.0,6.0,600.0,1.95,7306.0,0.14,13.8,15.2,6.2,4.8,0.0,26.5,36.5,20000.0,25000.0,1
271,7.0,2028.0,Erie,Low End,Ebb,3902.0,812.0,2029-03-23,6.8,14000.0,4.6,16.1,15.0,4.36,1.4,0.6,1.0,10.0,2400.0,1.95,19439.0,0.36,6.0,5.2,14.0,14.8,7.0,11.5,21.5,12000.0,17000.0,1
272,7.0,2028.0,Erie,Size,Egg,1369.0,584.0,2028-07-08,1.8,21000.0,8.9,3.6,31.25,11.55,7.01,0.38,1.0,6.0,1000.0,1.95,6433.0,0.12,7.9,8.9,5.0,3.6,1.5,21.5,31.5,16000.0,21000.0,1
273,7.0,2028.0,Erie,Traditional,Eat,1327.0,1940.0,2029-01-08,3.6,17500.0,9.2,10.8,25.5,8.17,1.27,0.54,0.33,10.0,1800.0,1.3,13678.0,0.26,9.9,9.9,10.1,10.1,2.0,21.0,31.0,14000.0,19000.0,1
274,7.0,2028.0,Ferris,High End,Fist,450.0,155.0,2028-09-14,1.2,24750.0,14.2,5.5,36.5,14.88,10.38,0.29,0.0,4.0,950.0,0.52,7306.0,0.14,13.8,15.2,6.2,4.8,0.0,26.5,36.5,20000.0,25000.0,1
275,7.0,2028.0,Ferris,Low End,Fast,580.0,0.0,2024-01-29,8.4,17000.0,5.4,14.6,21.0,6.57,8.89,0.25,0.0,5.0,800.0,0.5,19439.0,0.36,6.0,5.2,14.0,14.8,7.0,11.5,21.5,12000.0,17000.0,1
276,7.0,2028.0,Ferris,Performance,Foam,292.0,86.0,2028-10-01,1.2,24000.0,15.5,11.0,31.5,13.63,10.38,0.22,0.0,4.0,600.0,0.5,6782.0,0.13,15.0,16.4,12.1,11.1,1.0,21.5,31.5,22000.0,27000.0,1
277,7.0,2028.0,Ferris,Size,Fume,309.0,156.0,2028-09-13,1.3,18000.0,7.6,4.0,31.5,11.8,10.38,0.26,0.0,4.0,700.0,0.57,6433.0,0.12,7.9,8.9,5.0,3.6,1.5,21.5,31.5,16000.0,21000.0,1
278,7.5,2028.5,Chester,Performance,C_PI,1194.0,153.0,2029-01-26,1.85,27000.0,15.4,11.8,,12.65,5.53,0.4,1.0,8.0,680.0,1.98,,,,,,,,,,,,1
279,7.5,2028.5,Chester,Traditional,Cure,1715.0,67.0,2029-02-19,1.9,19000.0,9.2,10.8,,8.57,2.59,0.56,0.5,10.0,1200.0,1.49,,,,,,,,,,,,1
280,7.5,2028.5,Erie,High End,Elite,649.0,63.0,2029-01-11,1.95,25000.0,14.3,5.7,,0.0,0.0,0.42,0.0,6.0,1000.0,0,,,,,,,,,,,,1
281,7.5,2028.5,Erie,Low End,Ebb,3902.0,812.0,2029-03-23,3.65,14000.0,4.6,16.1,,4.36,1.4,0.6,1.0,10.0,2400.0,1.95,,,,,,,,,,,,1
282,7.5,2028.5,Erie,Traditional,Eat,1327.0,1940.0,2029-01-08,2.05,17500.0,9.2,10.8,,8.17,1.27,0.54,0.33,10.0,1800.0,1.3,,,,,,,,,,,,1
283,8.0,2029.0,Andrews,High End,ANew1,1132.0,1065.0,2028-06-03,2.5,24000.0,15.2,4.8,,15.03,8.65,0.23,0.0,4.0,1200.0,0.99,8489.0,0.14,14.7,16.1,5.3,3.9,0.0,26.0,36.0,20000.0,25000.0,1
284,8.0,2029.0,Andrews,Low End,Acre,2446.0,0.0,2027-04-10,7.7,14000.0,5.7,14.3,,5.8,6.18,0.22,0.0,6.0,1400.0,0.99,21714.0,0.36,6.5,5.7,13.5,14.3,7.0,11.0,21.0,12000.0,17000.0,1
285,8.0,2029.0,Andrews,Low End,Agape,58.0,11.0,2019-05-25,10.6,19000.0,4.0,11.0,,8.36,8.65,0.02,0.0,4.0,1.0,0.99,21714.0,0.36,6.5,5.7,13.5,14.3,7.0,11.0,21.0,12000.0,17000.0,1
286,8.0,2029.0,Andrews,Performance,Aft,840.0,813.0,2027-03-23,5.2,27000.0,15.4,11.8,,14.15,10.71,0.1,1.0,4.0,600.0,1.98,8125.0,0.13,16.0,17.4,11.4,10.4,1.0,21.0,31.0,22000.0,27000.0,1
287,8.0,2029.0,Andrews,Size,ANew2,1032.0,1655.0,2028-01-26,3.2,19000.0,8.9,3.6,,12.34,10.71,0.13,1.0,4.0,1200.0,1.98,7611.0,0.13,8.6,9.6,4.0,2.6,1.5,21.0,31.0,16000.0,21000.0,1
288,8.0,2029.0,Andrews,Traditional,Able,2307.0,1257.0,2028-05-20,2.9,17500.0,9.0,10.0,,9.35,9.94,0.21,1.0,4.5,1800.0,1.98,14937.0,0.25,10.6,10.6,9.4,9.4,2.0,20.5,30.5,14000.0,19000.0,1
289,8.0,2029.0,Andrews,Traditional,Adam,113.0,100.0,2023-05-06,8.2,23000.0,9.5,10.0,,11.14,9.88,0.12,0.0,3.0,1.0,0.99,14937.0,0.25,10.6,10.6,9.4,9.4,2.0,20.5,30.5,14000.0,19000.0,1
290,8.0,2029.0,Baldwin,High End,Bee,1359.0,225.0,2028-08-07,2.1,25000.0,15.3,4.7,,13.75,6.33,0.44,1.0,6.0,800.0,1.98,8489.0,0.14,14.7,16.1,5.3,3.9,0.0,26.0,36.0,20000.0,25000.0,1
291,8.0,2029.0,Baldwin,Low End,Bead,4511.0,528.0,2026-02-10,8.2,14000.0,4.2,15.8,,4.29,1.25,0.62,0.9,10.0,2700.0,1.88,21714.0,0.36,6.5,5.7,13.5,14.3,7.0,11.0,21.0,12000.0,17000.0,1
292,8.0,2029.0,Baldwin,Performance,Baker2,1066.0,0.0,2028-03-16,2.6,27000.0,16.5,11.1,,13.18,5.87,0.37,0.45,6.0,725.0,1.43,8125.0,0.13,16.0,17.4,11.4,10.4,1.0,21.0,31.0,22000.0,27000.0,1
293,8.0,2029.0,Baldwin,Performance,Bold,1322.0,44.0,2028-09-15,2.7,27000.0,16.9,10.8,,13.38,7.26,0.34,0.62,5.0,850.0,1.61,8125.0,0.13,16.0,17.4,11.4,10.4,1.0,21.0,31.0,22000.0,27000.0,1
294,8.0,2029.0,Baldwin,Size,Bid2,1089.0,0.0,2028-09-24,2.6,20000.0,9.3,3.1,,11.55,7.6,0.39,1.0,5.0,700.0,1.98,7611.0,0.13,8.6,9.6,4.0,2.6,1.5,21.0,31.0,16000.0,21000.0,1
295,8.0,2029.0,Baldwin,Size,Buddy,1131.0,134.0,2028-01-02,3.8,20000.0,8.9,3.5,,11.33,6.83,0.4,0.31,5.0,900.0,1.3,7611.0,0.13,8.6,9.6,4.0,2.6,1.5,21.0,31.0,16000.0,21000.0,1
296,8.0,2029.0,Baldwin,Traditional,Baker,2572.0,0.0,2028-02-21,3.5,17500.0,9.6,10.5,,8.38,1.15,0.62,0.34,10.0,1700.0,1.32,14937.0,0.25,10.6,10.6,9.4,9.4,2.0,20.5,30.5,14000.0,19000.0,1
297,8.0,2029.0,Baldwin,Traditional,Bead2,1291.0,944.0,2028-11-29,3.0,17500.0,9.9,10.1,,8.58,1.27,0.58,1.0,10.0,1350.0,1.98,14937.0,0.25,10.6,10.6,9.4,9.4,2.0,20.5,30.5,14000.0,19000.0,1
298,8.0,2029.0,Chester,High End,C_P2,1036.0,0.0,2028-06-05,2.3,25000.0,15.2,4.8,,13.7,9.56,0.35,0.17,3.0,700.0,1.16,8489.0,0.14,14.7,16.1,5.3,3.9,0.0,26.0,36.0,20000.0,25000.0,1
299,8.0,2029.0,Chester,Low End,Cake,4210.0,0.0,2022-05-05,9.4,14000.0,5.7,14.3,,5.18,1.32,0.53,0.64,10.0,2200.0,1.62,21714.0,0.36,6.5,5.7,13.5,14.3,7.0,11.0,21.0,12000.0,17000.0,1
300,8.0,2029.0,Chester,Low End,Cedar,1406.0,0.0,2027-04-04,7.7,14000.0,4.7,15.3,,4.59,1.12,0.66,0.0,10.0,1400.0,0.99,21714.0,0.36,6.5,5.7,13.5,14.3,7.0,11.0,21.0,12000.0,17000.0,1
301,8.0,2029.0,Chester,Performance,C_PI,1194.0,153.0,2029-01-26,2.35,27000.0,15.4,11.8,,12.65,5.53,0.4,1.0,8.0,680.0,1.98,8125.0,0.13,16.0,17.4,11.4,10.4,1.0,21.0,31.0,22000.0,27000.0,1
302,8.0,2029.0,Chester,Performance,Coat,1221.0,1562.0,2028-01-15,3.8,27000.0,16.4,11.1,,13.14,5.44,0.31,0.83,8.0,1200.0,1.82,8125.0,0.13,16.0,17.4,11.4,10.4,1.0,21.0,31.0,22000.0,27000.0,1
303,8.0,2029.0,Chester,Traditional,Cid,2511.0,40.0,2028-01-03,4.0,19000.0,9.9,10.1,,8.98,2.55,0.54,0.43,10.0,1400.0,1.41,14937.0,0.25,10.6,10.6,9.4,9.4,2.0,20.5,30.5,14000.0,19000.0,1
304,8.0,2029.0,Chester,Traditional,Cure,1715.0,67.0,2029-02-19,2.4,19000.0,9.2,10.8,,8.57,2.59,0.56,0.5,10.0,1200.0,1.49,14937.0,0.25,10.6,10.6,9.4,9.4,2.0,20.5,30.5,14000.0,19000.0,1
305,8.0,2029.0,Digby,High End,DeeKwa,810.0,1152.0,2028-01-26,3.1,25000.0,15.5,5.5,,13.58,1.36,0.51,0.5,10.0,1000.0,1.49,8489.0,0.14,14.7,16.1,5.3,3.9,0.0,26.0,36.0,20000.0,25000.0,1
306,8.0,2029.0,Digby,High End,DeeNee,1074.0,847.0,2028-04-20,2.4,22000.0,14.8,5.3,,12.64,5.85,0.42,0.0,6.0,1000.0,0.99,8489.0,0.14,14.7,16.1,5.3,3.9,0.0,26.0,36.0,20000.0,25000.0,1
307,8.0,2029.0,Digby,Low End,Dell,2327.0,0.0,2027-05-02,7.6,14000.0,5.2,14.8,,4.88,4.68,0.34,0.0,7.0,1600.0,0.99,21714.0,0.36,6.5,5.7,13.5,14.3,7.0,11.0,21.0,12000.0,17000.0,1
308,8.0,2029.0,Digby,Performance,Dot,848.0,340.0,2028-04-16,2.7,27000.0,16.0,11.5,,12.92,11.59,0.15,1.0,3.0,600.0,1.98,8125.0,0.13,16.0,17.4,11.4,10.4,1.0,21.0,31.0,22000.0,27000.0,1
309,8.0,2029.0,Digby,Size,Dcuk,396.0,0.0,2027-06-26,2.5,21000.0,8.9,3.6,,11.55,1.45,0.6,1.0,10.0,200.0,1.98,7611.0,0.13,8.6,9.6,4.0,2.6,1.5,21.0,31.0,16000.0,21000.0,1
310,8.0,2029.0,Digby,Size,Dune,1105.0,83.0,2028-03-13,2.6,19000.0,8.5,4.0,,10.81,11.59,0.28,1.0,3.0,600.0,1.98,7611.0,0.13,8.6,9.6,4.0,2.6,1.5,21.0,31.0,16000.0,21000.0,1
311,8.0,2029.0,Digby,Traditional,Daze,1842.0,131.0,2027-08-15,3.9,17500.0,9.0,11.0,,8.05,7.02,0.39,0.0,5.0,1800.0,0.99,14937.0,0.25,10.6,10.6,9.4,9.4,2.0,20.5,30.5,14000.0,19000.0,1
312,8.0,2029.0,Erie,High End,Elite,649.0,63.0,2029-01-11,2.45,25000.0,14.3,5.7,,0.0,0.0,0.42,0.0,6.0,1000.0,0,8489.0,0.14,14.7,16.1,5.3,3.9,0.0,26.0,36.0,20000.0,25000.0,1
313,8.0,2029.0,Erie,High End,Elon,794.0,378.0,2028-01-11,3.2,25000.0,15.2,4.8,,13.69,7.01,0.39,1.0,6.0,600.0,1.95,8489.0,0.14,14.7,16.1,5.3,3.9,0.0,26.0,36.0,20000.0,25000.0,1
314,8.0,2029.0,Erie,Low End,Ebb,3902.0,812.0,2029-03-23,4.15,14000.0,4.6,16.1,,4.36,1.4,0.6,1.0,10.0,2400.0,1.95,21714.0,0.36,6.5,5.7,13.5,14.3,7.0,11.0,21.0,12000.0,17000.0,1
315,8.0,2029.0,Erie,Size,Egg,1369.0,584.0,2028-07-08,2.8,21000.0,8.9,3.6,,11.55,7.01,0.38,1.0,6.0,1000.0,1.95,7611.0,0.13,8.6,9.6,4.0,2.6,1.5,21.0,31.0,16000.0,21000.0,1
316,8.0,2029.0,Erie,Traditional,Eat,1327.0,1940.0,2029-01-08,2.55,17500.0,9.2,10.8,,8.17,1.27,0.54,0.33,10.0,1800.0,1.3,14937.0,0.25,10.6,10.6,9.4,9.4,2.0,20.5,30.5,14000.0,19000.0,1
317,8.0,2029.0,Ferris,High End,Fist,450.0,155.0,2028-09-14,2.2,24750.0,14.2,5.5,,14.88,10.38,0.29,0.0,4.0,950.0,0.52,8489.0,0.14,14.7,16.1,5.3,3.9,0.0,26.0,36.0,20000.0,25000.0,1
318,8.0,2029.0,Ferris,Low End,Fast,580.0,0.0,2024-01-29,9.4,17000.0,5.4,14.6,,6.57,8.89,0.25,0.0,5.0,800.0,0.5,21714.0,0.36,6.5,5.7,13.5,14.3,7.0,11.0,21.0,12000.0,17000.0,1
319,8.0,2029.0,Ferris,Performance,Foam,292.0,86.0,2028-10-01,2.2,24000.0,15.5,11.0,,13.63,10.38,0.22,0.0,4.0,600.0,0.5,8125.0,0.13,16.0,17.4,11.4,10.4,1.0,21.0,31.0,22000.0,27000.0,1
320,8.0,2029.0,Ferris,Size,Fume,309.0,156.0,2028-09-13,2.3,18000.0,7.6,4.0,,11.8,10.38,0.26,0.0,4.0,700.0,0.57,7611.0,0.13,8.6,9.6,4.0,2.6,1.5,21.0,31.0,16000.0,21000.0,1
