,round,year,company,segment,name,UnitSold,UnitInvent,RevDate,Age,MTBF,Pfmm,Size,Price,MatCost,LaborCost,ContrMarg,SecShiftOverTime,AutomationNextRd,CapNextRd,PlantUtilz,market_cap,market_size,performance_center,performance_ideal,size_center,size_ideal,AGE_ideal,PRICE_L,PRICE_H,MTBF_L,MTBF_H,radius,distance,distance_ideal
47,0.0,2022.0,Digby,NA,DeeNee,0.0,0.0,2023-07-12,0.0,0.0,0.0,0.0,0.0,0.0,0.0,0.0,0.0,1.0,200.0,0,,,,,,,,,,,,0,,0
62,0.0,2023.0,Andrews,NA,ANew1,0.0,0.0,2024-01-03,0.0,0.0,0.0,0.0,0.0,0.0,0.0,0.0,0.0,3.0,600.0,0,,,,,,,,,,,,0,,0
73,0.0,2023.0,Chester,NA,C_PI,0.0,0.0,2024-07-15,0.0,0.0,0.0,0.0,0.0,0.0,0.0,0.0,0.0,1.0,400.0,0,,,,,,,,,,,,0,,0
85,0.0,2023.0,Erie,NA,Elite,0.0,0.0,2023-11-26,0.1,20000.0,0.0,0.0,40.0,0.0,0.0,0.0,0.0,4.0,600.0,0,,,,,,,,,,,,0,,0
96,0.0,2024.0,Andrews,NA,ANew2,0.0,0.0,2025-08-09,0.0,0.0,0.0,0.0,0.0,0.0,0.0,0.0,0.0,3.0,600.0,0,,,,,,,,,,,,0,,0
102,0.0,2024.0,Baldwin,NA,Baker2,0.0,0.0,2025-04-29,0.0,0.0,0.0,0.0,0.0,0.0,0.0,0.0,0.0,3.0,450.0,0,,,,,,,,,,,,0,,0
103,0.0,2024.0,Baldwin,NA,Bid2,0.0,0.0,2024-06-30,0.5,23000.0,0.0,0.0,20.0,0.0,0.0,0.0,0.0,3.0,400.0,0,,,,,,,,,,,,0,,0
108,0.0,2024.0,Chester,NA,C_PI,0.0,0.0,2024-07-15,0.5,27000.0,0.0,0.0,33.3,0.0,0.0,0.0,0.0,5.0,400.0,0,,,,,,,,,,,,0,,0
121,0.0,2024.0,Erie,NA,Echo,0.0,0.0,2023-07-31,3.1,24000.0,0.0,0.0,39.0,0.0,0.0,0.0,0.0,4.0,900.0,0,,,,,,,,,,,,0,,0
122,0.0,2024.0,Erie,NA,Elon,0.0,0.0,2025-06-27,0.0,0.0,0.0,0.0,0.0,0.0,0.0,0.0,0.0,3.0,600.0,0,,,,,,,,,,,,0,,0
139,0.0,2025.0,Baldwin,NA,Bead2,0.0,0.0,2027-01-20,2.8,14000.0,0.0,0.0,20.0,0.0,0.0,0.0,0.0,5.0,400.0,0,,,,,,,,,,,,0,,0
151,0.0,2025.0,Digby,NA,DeeKwa,0.0,0.0,2026-12-03,0.0,0.0,0.0,0.0,0.0,0.0,0.0,0.0,0.0,10.0,100.0,0,,,,,,,,,,,,0,,0
175,0.0,2026.0,Baldwin,NA,Bee,0.0,0.0,2027-03-17,0.0,0.0,0.0,0.0,0.0,0.0,0.0,0.0,0.0,5.0,650.0,0,,,,,,,,,,,,0,,0
181,0.0,2026.0,Chester,NA,C_P2,0.0,0.0,2026-12-21,0.0,25000.0,0.0,0.0,30.0,0.0,0.0,0.0,0.0,3.0,700.0,0,,,,,,,,,,,,0,,0
188,0.0,2026.0,Digby,NA,Dcuk,0.0,0.0,2027-06-26,0.0,0.0,0.0,0.0,0.0,0.0,0.0,0.0,0.0,10.0,50.0,0,,,,,,,,,,,,0,,0
189,0.0,2026.0,Digby,NA,DeeKwa,0.0,13.0,2026-12-03,0.1,22000.0,0.0,0.0,45.0,14.66,1.48,0.0,0.98,10.0,600.0,0.13,,,,,,,,,,,,0,,0
0,0.0,2021.0,ALL,High End,High End,366.0,40.0,2020-04-18,1.7,23000.0,7.5,12.5,38.0,15.98,8.57,0.33,0.0,3.0,900.0,0.45,2554.0,0.11,7.5,8.9,12.5,11.1,0.0,30.0,40.0,20000.0,25000.0,100,1.9798989873223336,0
1,0.0,2021.0,ALL,Low End,Low End,1763.0,39.0,2017-05-25,4.6,14000.0,2.5,17.5,21.0,7.81,7.12,0.27,0.3,5.0,1400.0,1.29,8960.0,0.39,2.5,1.7,17.5,18.3,7.0,15.0,25.0,12000.0,17000.0,100,1.1313708498984765,0
2,0.0,2021.0,ALL,Performance,Performance,358.0,78.0,2019-06-30,2.5,25000.0,8.0,17.0,33.0,15.87,8.57,0.23,0.0,3.0,600.0,0.73,1915.0,0.08,8.0,9.4,17.0,16.0,1.0,25.0,35.0,22000.0,27000.0,100,1.7204650534085255,0
3,0.0,2021.0,ALL,Size,Size,314.0,62.0,2019-05-25,2.6,19000.0,3.0,12.0,33.0,13.62,8.57,0.3,0.0,3.0,600.0,0.63,1984.0,0.09,3.0,4.0,12.0,10.6,1.5,25.0,35.0,16000.0,21000.0,100,1.7204650534085255,0
4,0.0,2021.0,ALL,Traditional,Traditional,999.0,189.0,2018-11-21,3.1,17500.0,5.0,15.0,28.0,11.59,7.49,0.29,0.0,4.0,1800.0,0.66,7387.0,0.32,5.0,5.0,15.0,15.0,2.0,20.0,30.0,14000.0,19000.0,100,0.0,0
5,1.0,2022.0,ALL,High End,High End,433.0,310.0,2023-05-06,2.7,23000.0,8.4,11.6,38.0,14.84,8.97,0.31,0.0,3.0,900.0,0.78,2968.0,0.12,8.4,9.8,11.6,10.2,0.0,29.5,39.5,20000.0,25000.0,100,1.9798989873223336,0
6,1.0,2022.0,ALL,Low End,Low End,1425.0,0.0,2017-05-25,5.6,14000.0,3.0,17.0,21.0,7.05,6.73,0.33,0.0,6.0,1400.0,0.99,10008.0,0.39,3.0,2.2,17.0,17.8,7.0,14.5,24.5,12000.0,17000.0,100,1.1313708498984762,0
7,1.0,2022.0,ALL,Performance,Performance,393.0,51.0,2019-06-30,3.5,25000.0,9.0,16.3,33.0,14.81,8.97,0.25,0.0,4.0,600.0,0.61,2294.0,0.09,9.0,10.4,16.3,15.3,1.0,24.5,34.5,22000.0,27000.0,100,1.7204650534085255,0
8,1.0,2022.0,ALL,Size,Size,266.0,212.0,2019-05-25,3.6,19000.0,3.7,11.0,33.0,12.6,8.97,0.27,0.0,4.0,600.0,0.69,2347.0,0.09,3.7,4.7,11.0,9.6,1.5,24.5,34.5,16000.0,21000.0,100,1.7204650534085255,0
9,1.0,2022.0,ALL,Traditional,Traditional,1319.0,652.0,2018-11-21,4.1,17500.0,5.7,14.3,28.0,10.65,7.85,0.28,0.0,4.5,1800.0,0.99,8067.0,0.31,5.7,5.7,14.3,14.3,2.0,19.5,29.5,14000.0,19000.0,100,0.0,0
10,2.0,2023.0,ALL,High End,High End,805.0,0.0,2023-05-06,2.2,23000.0,9.3,10.7,38.0,15.49,9.41,0.36,0.0,3.0,900.0,0.55,3449.0,0.12,9.3,10.7,10.7,9.3,0.0,29.0,39.0,20000.0,25000.0,100,1.979898987322331,0
11,2.0,2023.0,ALL,Low End,Low End,2079.0,0.0,2017-05-25,6.6,14000.0,3.5,16.5,21.0,6.38,6.81,0.36,0.5,6.0,1400.0,1.49,11179.0,0.39,3.5,2.7,16.5,17.3,7.0,14.0,24.0,12000.0,17000.0,100,1.1313708498984762,0
12,2.0,2023.0,ALL,Performance,Performance,471.0,75.0,2023-01-29,4.5,27000.0,10.0,15.6,33.0,14.47,8.23,0.28,0.0,4.0,600.0,0.83,2748.0,0.09,10.0,11.4,15.6,14.6,1.0,24.0,34.0,22000.0,27000.0,100,1.7204650534085255,0
13,2.0,2023.0,ALL,Size,Size,105.0,305.0,2019-05-25,4.6,19000.0,4.4,10.0,33.0,11.69,8.23,0.14,0.0,4.0,600.0,0.33,2777.0,0.1,4.4,5.4,10.0,8.6,1.5,24.0,34.0,16000.0,21000.0,100,1.7204650534085255,0
14,2.0,2023.0,ALL,Traditional,Traditional,1290.0,352.0,2023-06-01,2.8,17500.0,6.4,13.6,28.0,10.28,7.64,0.32,0.0,4.5,1800.0,0.55,8809.0,0.3,6.4,6.4,13.6,13.6,2.0,21.5,31.5,14000.0,19000.0,100,0.0,0
15,3.0,2024.0,ALL,High End,High End,396.0,0.0,2024-01-03,1.0,24000.0,10.2,9.8,38.49,16.32,9.85,0.31,0.0,3.0,600.0,0.66,4007.0,0.12,10.2,11.6,9.8,8.4,0.0,28.5,38.5,20000.0,25000.0,100,1.9798989873223336,0
16,3.0,2024.0,ALL,Low End,Low End,1579.0,996.0,2017-05-25,7.6,14000.0,4.0,16.0,20.49,5.79,7.51,0.29,0.86,6.0,1400.0,1.84,12487.0,0.38,4.0,3.2,16.0,16.8,7.0,13.5,23.5,12000.0,17000.0,100,1.1313708498984762,0
17,3.0,2024.0,ALL,Performance,Performance,449.0,121.0,2025-04-04,5.5,27000.0,11.0,14.9,32.99,13.63,8.62,0.29,0.0,4.0,600.0,0.83,3293.0,0.1,11.0,12.4,14.9,13.9,1.0,23.5,33.5,22000.0,27000.0,100,1.7204650534085255,0
18,3.0,2024.0,ALL,Size,Size,134.0,172.0,2019-05-25,5.6,19000.0,5.1,9.0,31.99,10.88,8.62,0.24,0.0,4.0,600.0,0,3285.0,0.1,5.1,6.1,9.0,7.6,1.5,23.5,33.5,16000.0,21000.0,100,1.7204650534085255,0
19,3.0,2024.0,ALL,Traditional,Traditional,1461.0,179.0,2024-06-23,2.2,17500.0,7.1,12.9,27.99,10.17,8.01,0.34,0.0,4.5,1800.0,0.72,9619.0,0.29,7.1,7.1,12.9,12.9,2.0,21.0,31.0,14000.0,19000.0,100,0.0,0
20,4.0,2025.0,ALL,High End,High End,594.0,0.0,2025-07-16,1.2,24000.0,11.1,8.9,38.5,16.03,9.76,0.33,0.0,3.0,600.0,0.99,4656.0,0.13,11.1,12.5,8.9,7.5,0.0,28.0,38.0,20000.0,25000.0,100,1.9798989873223336,0
21,4.0,2025.0,ALL,Low End,Low End,1209.0,826.0,2017-05-25,8.6,14000.0,4.5,15.5,20.49,5.25,6.1,0.34,0.0,6.0,1400.0,0.74,13948.0,0.38,4.5,3.7,15.5,16.3,7.0,13.0,23.0,12000.0,17000.0,100,1.1313708498984762,0
22,4.0,2025.0,ALL,Performance,Performance,507.0,188.0,2025-04-04,3.6,27000.0,12.0,14.2,33.0,14.54,8.54,0.28,0.0,4.0,600.0,0.96,3945.0,0.11,12.0,13.4,14.2,13.2,1.0,23.0,33.0,22000.0,27000.0,100,1.7204650534085255,0
23,4.0,2025.0,ALL,Size,Size,208.0,0.0,2025-08-09,0.4,19000.0,5.8,8.0,33.5,13.45,9.76,0.3,0.0,3.0,600.0,0.35,3886.0,0.11,5.8,6.8,8.0,6.6,1.5,23.0,33.0,16000.0,21000.0,100,1.7204650534085255,0
24,4.0,2025.0,ALL,Traditional,Traditional,1636.0,127.0,2025-07-22,1.8,17500.0,7.8,12.2,28.0,10.23,7.93,0.35,0.0,4.5,1800.0,0.88,10504.0,0.28,7.8,7.8,12.2,12.2,2.0,20.5,30.5,14000.0,19000.0,100,0.0,0
25,5.0,2026.0,ALL,High End,High End,1188.0,0.0,2026-05-27,1.4,24000.0,12.0,8.0,37.5,15.74,12.1,0.26,1.0,3.0,1200.0,1.98,5411.0,0.13,12.0,13.4,8.0,6.6,0.0,27.5,37.5,20000.0,25000.0,100,1.9798989873223336,0
26,5.0,2026.0,ALL,Low End,Low End,1519.0,0.0,2027-04-10,9.6,14000.0,5.0,15.0,18.5,4.79,6.11,0.36,0.0,6.0,1400.0,0.5,15580.0,0.37,5.0,4.2,15.0,15.8,7.0,12.5,22.5,12000.0,17000.0,100,1.1313708498984762,0
27,5.0,2026.0,ALL,Performance,Performance,492.0,211.0,2027-03-23,4.6,27000.0,13.0,13.5,33.0,13.75,8.55,0.28,0.0,4.0,600.0,0.86,4726.0,0.11,13.0,14.4,13.5,12.5,1.0,22.5,32.5,22000.0,27000.0,100,1.7204650534085255,0
28,5.0,2026.0,ALL,Size,Size,1098.0,90.0,2025-08-09,1.4,19000.0,6.5,7.0,32.5,12.57,12.1,0.23,1.0,3.0,1200.0,1.98,4597.0,0.11,6.5,7.5,7.0,5.6,1.5,22.5,32.5,16000.0,21000.0,100,1.7204650534085255,0
29,5.0,2026.0,ALL,Traditional,Traditional,1909.0,0.0,2025-07-22,2.8,17500.0,8.5,11.5,27.0,9.51,7.94,0.34,0.0,4.5,1800.0,0.99,11470.0,0.27,8.5,8.5,11.5,11.5,2.0,19.5,29.5,14000.0,19000.0,100,0.0,0
30,6.0,2027.0,ALL,High End,High End,1367.0,1009.0,2027-06-06,1.5,24000.0,12.9,7.1,37.0,15.32,11.88,0.2,1.0,4.0,1200.0,1.98,6287.0,0.13,12.9,14.3,7.1,5.7,0.0,27.0,37.0,20000.0,25000.0,100,1.979898987322333,0
31,6.0,2027.0,ALL,Low End,Low End,1712.0,1060.0,2027-04-10,5.7,14000.0,5.5,14.5,16.75,6.27,7.43,0.14,1.0,6.0,1400.0,1.98,17403.0,0.37,5.5,4.7,14.5,15.3,7.0,12.0,22.0,12000.0,17000.0,100,1.1313708498984762,0
32,6.0,2027.0,ALL,Performance,Performance,934.0,465.0,2027-03-23,3.2,27000.0,14.0,12.8,32.0,14.92,10.4,0.18,1.0,4.0,600.0,1.98,5661.0,0.12,14.0,15.4,12.8,11.8,1.0,22.0,32.0,22000.0,27000.0,100,1.7204650534085255,0
33,6.0,2027.0,ALL,Size,Size,968.0,311.0,2028-01-26,2.4,19000.0,7.2,6.0,32.0,11.68,9.59,0.29,0.0,4.0,1200.0,0.99,5438.0,0.11,7.2,8.2,6.0,4.6,1.5,22.0,32.0,16000.0,21000.0,100,1.720465053408525,0
34,6.0,2027.0,ALL,Traditional,Traditional,1782.0,0.0,2027-07-07,2.1,17500.0,9.2,10.8,26.49,9.47,7.79,0.35,0.0,4.5,1800.0,0.99,12526.0,0.26,9.2,9.2,10.8,10.8,2.0,19.0,29.0,14000.0,19000.0,100,0.0,0
35,6.5,2027.5,ALL,Size,Size,968.0,311.0,2028-01-26,1.45,19000.0,,,,11.68,9.59,0.29,0.0,4.0,1200.0,0.99,,,,,,,,,,,,100,,0
36,6.5,2027.5,ALL,Traditional,Traditional,2204.0,325.0,2028-02-21,1.85,17500.0,,,,8.3,1.12,0.62,0.29,10.0,1700.0,1.28,,,,,,,,,,,,100,,0
37,6.5,2027.5,ALL,Performance,Performance,1412.0,604.0,2028-01-15,2.0,27000.0,,,,12.82,4.45,0.39,0.0,7.0,1200.0,0.74,,,,,,,,,,,,100,,0
38,6.5,2027.5,ALL,High End,High End,266.0,0.0,2028-01-11,1.5,25000.0,,,,0.0,0.0,0.4,0.0,6.0,600.0,0,,,,,,,,,,,,100,,0
39,7.0,2028.0,ALL,High End,High End,1367.0,1009.0,2027-06-06,2.5,24000.0,13.8,6.2,,15.32,11.88,0.2,1.0,4.0,1200.0,1.98,7306.0,0.14,13.8,15.2,6.2,4.8,0.0,26.5,36.5,20000.0,25000.0,100,1.9798989873223323,0
40,7.0,2028.0,ALL,Low End,Low End,1712.0,1060.0,2027-04-10,6.7,14000.0,6.0,14.0,,6.27,7.43,0.14,1.0,6.0,1400.0,1.98,19439.0,0.36,6.0,5.2,14.0,14.8,7.0,11.5,21.5,12000.0,17000.0,100,1.1313708498984762,0
41,7.0,2028.0,ALL,Performance,Performance,934.0,465.0,2027-03-23,4.2,27000.0,15.0,12.1,,14.92,10.4,0.18,1.0,4.0,600.0,1.98,6782.0,0.13,15.0,16.4,12.1,11.1,1.0,21.5,31.5,22000.0,27000.0,100,1.7204650534085242,0
42,7.0,2028.0,ALL,Size,Size,968.0,311.0,2028-01-26,1.95,19000.0,7.9,5.0,,11.68,9.59,0.29,0.0,4.0,1200.0,0.99,6433.0,0.12,7.9,8.9,5.0,3.6,1.5,21.5,31.5,16000.0,21000.0,100,1.7204650534085253,0
43,7.0,2028.0,ALL,Traditional,Traditional,1782.0,0.0,2027-07-07,3.1,17500.0,9.9,10.1,,9.47,7.79,0.35,0.0,4.5,1800.0,0.99,13678.0,0.26,9.9,9.9,10.1,10.1,2.0,21.0,31.0,14000.0,19000.0,100,0.0,0
0,0.0,2021.0,ALL,High End,High End_ideal,366.0,40.0,2020-04-18,1.7,23000.0,8.9,11.1,38.0,15.98,8.57,0.33,0.0,3.0,900.0,0.45,2554.0,0.11,7.5,8.9,12.5,11.1,0.0,30.0,40.0,20000.0,25000.0,10,0.0,0
1,0.0,2021.0,ALL,Low End,Low End_ideal,1763.0,39.0,2017-05-25,4.6,14000.0,1.7,18.3,21.0,7.81,7.12,0.27,0.3,5.0,1400.0,1.29,8960.0,0.39,2.5,1.7,17.5,18.3,7.0,15.0,25.0,12000.0,17000.0,10,0.0,0
2,0.0,2021.0,ALL,Performance,Performance_ideal,358.0,78.0,2019-06-30,2.5,25000.0,9.4,16.0,33.0,15.87,8.57,0.23,0.0,3.0,600.0,0.73,1915.0,0.08,8.0,9.4,17.0,16.0,1.0,25.0,35.0,22000.0,27000.0,10,0.0,0
3,0.0,2021.0,ALL,Size,Size_ideal,314.0,62.0,2019-05-25,2.6,19000.0,4.0,10.6,33.0,13.62,8.57,0.3,0.0,3.0,600.0,0.63,1984.0,0.09,3.0,4.0,12.0,10.6,1.5,25.0,35.0,16000.0,21000.0,10,0.0,0
4,0.0,2021.0,ALL,Traditional,Traditional_ideal,999.0,189.0,2018-11-21,3.1,17500.0,5.0,15.0,28.0,11.59,7.49,0.29,0.0,4.0,1800.0,0.66,7387.0,0.32,5.0,5.0,15.0,15.0,2.0,20.0,30.0,14000.0,19000.0,10,0.0,0
5,1.0,2022.0,ALL,High End,High End_ideal,433.0,310.0,2023-05-06,2.7,23000.0,9.8,10.2,38.0,14.84,8.97,0.31,0.0,3.0,900.0,0.78,2968.0,0.12,8.4,9.8,11.6,10.2,0.0,29.5,39.5,20000.0,25000.0,10,0.0,0
6,1.0,2022.0,ALL,Low End,Low End_ideal,1425.0,0.0,2017-05-25,5.6,14000.0,2.2,17.8,21.0,7.05,6.73,0.33,0.0,6.0,1400.0,0.99,10008.0,0.39,3.0,2.2,17.0,17.8,7.0,14.5,24.5,12000.0,17000.0,10,0.0,0
7,1.0,2022.0,ALL,Performance,Performance_ideal,393.0,51.0,2019-06-30,3.5,25000.0,10.4,15.3,33.0,14.81,8.97,0.25,0.0,4.0,600.0,0.61,2294.0,0.09,9.0,10.4,16.3,15.3,1.0,24.5,34.5,22000.0,27000.0,10,0.0,0
8,1.0,2022.0,ALL,Size,Size_ideal,266.0,212.0,2019-05-25,3.6,19000.0,4.7,9.6,33.0,12.6,8.97,0.27,0.0,4.0,600.0,0.69,2347.0,0.09,3.7,4.7,11.0,9.6,1.5,24.5,34.5,16000.0,21000.0,10,0.0,0
9,1.0,2022.0,ALL,Traditional,Traditional_ideal,1319.0,652.0,2018-11-21,4.1,17500.0,5.7,14.3,28.0,10.65,7.85,0.28,0.0,4.5,1800.0,0.99,8067.0,0.31,5.7,5.7,14.3,14.3,2.0,19.5,29.5,14000.0,19000.0,10,0.0,0
10,2.0,2023.0,ALL,High End,High End_ideal,805.0,0.0,2023-05-06,2.2,23000.0,10.7,9.3,38.0,15.49,9.41,0.36,0.0,3.0,900.0,0.55,3449.0,0.12,9.3,10.7,10.7,9.3,0.0,29.0,39.0,20000.0,25000.0,10,0.0,0
11,2.0,2023.0,ALL,Low End,Low End_ideal,2079.0,0.0,2017-05-25,6.6,14000.0,2.7,17.3,21.0,6.38,6.81,0.36,0.5,6.0,1400.0,1.49,11179.0,0.39,3.5,2.7,16.5,17.3,7.0,14.0,24.0,12000.0,17000.0,10,0.0,0
12,2.0,2023.0,ALL,Performance,Performance_ideal,471.0,75.0,2023-01-29,4.5,27000.0,11.4,14.6,33.0,14.47,8.23,0.28,0.0,4.0,600.0,0.83,2748.0,0.09,10.0,11.4,15.6,14.6,1.0,24.0,34.0,22000.0,27000.0,10,0.0,0
13,2.0,2023.0,ALL,Size,Size_ideal,105.0,305.0,2019-05-25,4.6,19000.0,5.4,8.6,33.0,11.69,8.23,0.14,0.0,4.0,600.0,0.33,2777.0,0.1,4.4,5.4,10.0,8.6,1.5,24.0,34.0,16000.0,21000.0,10,0.0,0
14,2.0,2023.0,ALL,Traditional,Traditional_ideal,1290.0,352.0,2023-06-01,2.8,17500.0,6.4,13.6,28.0,10.28,7.64,0.32,0.0,4.5,1800.0,0.55,8809.0,0.3,6.4,6.4,13.6,13.6,2.0,21.5,31.5,14000.0,19000.0,10,0.0,0
15,3.0,2024.0,ALL,High End,High End_ideal,396.0,0.0,2024-01-03,1.0,24000.0,11.6,8.4,38.49,16.32,9.85,0.31,0.0,3.0,600.0,0.66,4007.0,0.12,10.2,11.6,9.8,8.4,0.0,28.5,38.5,20000.0,25000.0,10,0.0,0
16,3.0,2024.0,ALL,Low End,Low End_ideal,1579.0,996.0,2017-05-25,7.6,14000.0,3.2,16.8,20.49,5.79,7.51,0.29,0.86,6.0,1400.0,1.84,12487.0,0.38,4.0,3.2,16.0,16.8,7.0,13.5,23.5,12000.0,17000.0,10,0.0,0
17,3.0,2024.0,ALL,Performance,Performance_ideal,449.0,121.0,2025-04-04,5.5,27000.0,12.4,13.9,32.99,13.63,8.62,0.29,0.0,4.0,600.0,0.83,3293.0,0.1,11.0,12.4,14.9,13.9,1.0,23.5,33.5,22000.0,27000.0,10,0.0,0
18,3.0,2024.0,ALL,Size,Size_ideal,134.0,172.0,2019-05-25,5.6,19000.0,6.1,7.6,31.99,10.88,8.62,0.24,0.0,4.0,600.0,0,3285.0,0.1,5.1,6.1,9.0,7.6,1.5,23.5,33.5,16000.0,21000.0,10,0.0,0
19,3.0,2024.0,ALL,Traditional,Traditional_ideal,1461.0,179.0,2024-06-23,2.2,17500.0,7.1,12.9,27.99,10.17,8.01,0.34,0.0,4.5,1800.0,0.72,9619.0,0.29,7.1,7.1,12.9,12.9,2.0,21.0,31.0,14000.0,19000.0,10,0.0,0
20,4.0,2025.0,ALL,High End,High End_ideal,594.0,0.0,2025-07-16,1.2,24000.0,12.5,7.5,38.5,16.03,9.76,0.33,0.0,3.0,600.0,0.99,4656.0,0.13,11.1,12.5,8.9,7.5,0.0,28.0,38.0,20000.0,25000.0,10,0.0,0
21,4.0,2025.0,ALL,Low End,Low End_ideal,1209.0,826.0,2017-05-25,8.6,14000.0,3.7,16.3,20.49,5.25,6.1,0.34,0.0,6.0,1400.0,0.74,13948.0,0.38,4.5,3.7,15.5,16.3,7.0,13.0,23.0,12000.0,17000.0,10,0.0,0
22,4.0,2025.0,ALL,Performance,Performance_ideal,507.0,188.0,2025-04-04,3.6,27000.0,13.4,13.2,33.0,14.54,8.54,0.28,0.0,4.0,600.0,0.96,3945.0,0.11,12.0,13.4,14.2,13.2,1.0,23.0,33.0,22000.0,27000.0,10,0.0,0
23,4.0,2025.0,ALL,Size,Size_ideal,208.0,0.0,2025-08-09,0.4,19000.0,6.8,6.6,33.5,13.45,9.76,0.3,0.0,3.0,600.0,0.35,3886.0,0.11,5.8,6.8,8.0,6.6,1.5,23.0,33.0,16000.0,21000.0,10,0.0,0
24,4.0,2025.0,ALL,Traditional,Traditional_ideal,1636.0,127.0,2025-07-22,1.8,17500.0,7.8,12.2,28.0,10.23,7.93,0.35,0.0,4.5,1800.0,0.88,10504.0,0.28,7.8,7.8,12.2,12.2,2.0,20.5,30.5,14000.0,19000.0,10,0.0,0
25,5.0,2026.0,ALL,High End,High End_ideal,1188.0,0.0,2026-05-27,1.4,24000.0,13.4,6.6,37.5,15.74,12.1,0.26,1.0,3.0,1200.0,1.98,5411.0,0.13,12.0,13.4,8.0,6.6,0.0,27.5,37.5,20000.0,25000.0,10,0.0,0
26,5.0,2026.0,ALL,Low End,Low End_ideal,1519.0,0.0,2027-04-10,9.6,14000.0,4.2,15.8,18.5,4.79,6.11,0.36,0.0,6.0,1400.0,0.5,15580.0,0.37,5.0,4.2,15.0,15.8,7.0,12.5,22.5,12000.0,17000.0,10,0.0,0
27,5.0,2026.0,ALL,Performance,Performance_ideal,492.0,211.0,2027-03-23,4.6,27000.0,14.4,12.5,33.0,13.75,8.55,0.28,0.0,4.0,600.0,0.86,4726.0,0.11,13.0,14.4,13.5,12.5,1.0,22.5,32.5,22000.0,27000.0,10,0.0,0
28,5.0,2026.0,ALL,Size,Size_ideal,1098.0,90.0,2025-08-09,1.4,19000.0,7.5,5.6,32.5,12.57,12.1,0.23,1.0,3.0,1200.0,1.98,4597.0,0.11,6.5,7.5,7.0,5.6,1.5,22.5,32.5,16000.0,21000.0,10,0.0,0
29,5.0,2026.0,ALL,Traditional,Traditional_ideal,1909.0,0.0,2025-07-22,2.8,17500.0,8.5,11.5,27.0,9.51,7.94,0.34,0.0,4.5,1800.0,0.99,11470.0,0.27,8.5,8.5,11.5,11.5,2.0,19.5,29.5,14000.0,19000.0,10,0.0,0
30,6.0,2027.0,ALL,High End,High End_ideal,1367.0,1009.0,2027-06-06,1.5,24000.0,14.3,5.7,37.0,15.32,11.88,0.2,1.0,4.0,1200.0,1.98,6287.0,0.13,12.9,14.3,7.1,5.7,0.0,27.0,37.0,20000.0,25000.0,10,0.0,0
31,6.0,2027.0,ALL,Low End,Low End_ideal,1712.0,1060.0,2027-04-10,5.7,14000.0,4.7,15.3,16.75,6.27,7.43,0.14,1.0,6.0,1400.0,1.98,17403.0,0.37,5.5,4.7,14.5,15.3,7.0,12.0,22.0,12000.0,17000.0,10,0.0,0
32,6.0,2027.0,ALL,Performance,Performance_ideal,934.0,465.0,2027-03-23,3.2,27000.0,15.4,11.8,32.0,14.92,10.4,0.18,1.0,4.0,600.0,1.98,5661.0,0.12,14.0,15.4,12.8,11.8,1.0,22.0,32.0,22000.0,27000.0,10,0.0,0
33,6.0,2027.0,ALL,Size,Size_ideal,968.0,311.0,2028-01-26,2.4,19000.0,8.2,4.6,32.0,11.68,9.59,0.29,0.0,4.0,1200.0,0.99,5438.0,0.11,7.2,8.2,6.0,4.6,1.5,22.0,32.0,16000.0,21000.0,10,0.0,0
34,6.0,2027.0,ALL,Traditional,Traditional_ideal,1782.0,0.0,2027-07-07,2.1,17500.0,9.2,10.8,26.49,9.47,7.79,0.35,0.0,4.5,1800.0,0.99,12526.0,0.26,9.2,9.2,10.8,10.8,2.0,19.0,29.0,14000.0,19000.0,10,0.0,0
35,6.5,2027.5,ALL,Size,Size_ideal,968.0,311.0,2028-01-26,1.45,19000.0,,,,11.68,9.59,0.29,0.0,4.0,1200.0,0.99,,,,,,,,,,,,10,,0
36,6.5,2027.5,ALL,Traditional,Traditional_ideal,2204.0,325.0,2028-02-21,1.85,17500.0,,,,8.3,1.12,0.62,0.29,10.0,1700.0,1.28,,,,,,,,,,,,10,,0
37,6.5,2027.5,ALL,Performance,Performance_ideal,1412.0,604.0,2028-01-15,2.0,27000.0,,,,12.82,4.45,0.39,0.0,7.0,1200.0,0.74,,,,,,,,,,,,10,,0
38,6.5,2027.5,ALL,High End,High End_ideal,266.0,0.0,2028-01-11,1.5,25000.0,,,,0.0,0.0,0.4,0.0,6.0,600.0,0,,,,,,,,,,,,10,,0
39,7.0,2028.0,ALL,High End,High End_ideal,1367.0,1009.0,2027-06-06,2.5,24000.0,15.2,4.8,,15.32,11.88,0.2,1.0,4.0,1200.0,1.98,7306.0,0.14,13.8,15.2,6.2,4.8,0.0,26.5,36.5,20000.0,25000.0,10,0.0,0
40,7.0,2028.0,ALL,Low End,Low End_ideal,1712.0,1060.0,2027-04-10,6.7,14000.0,5.2,14.8,,6.27,7.43,0.14,1.0,6.0,1400.0,1.98,19439.0,0.36,6.0,5.2,14.0,14.8,7.0,11.5,21.5,12000.0,17000.0,10,0.0,0
41,7.0,2028.0,ALL,Performance,Performance_ideal,934.0,465.0,2027-03-23,4.2,27000.0,16.4,11.1,,14.92,10.4,0.18,1.0,4.0,600.0,1.98,6782.0,0.13,15.0,16.4,12.1,11.1,1.0,21.5,31.5,22000.0,27000.0,10,0.0,0
42,7.0,2028.0,ALL,Size,Size_ideal,968.0,311.0,2028-01-26,1.95,19000.0,8.9,3.6,,11.68,9.59,0.29,0.0,4.0,1200.0,0.99,6433.0,0.12,7.9,8.9,5.0,3.6,1.5,21.5,31.5,16000.0,21000.0,10,0.0,0
43,7.0,2028.0,ALL,Traditional,Traditional_ideal,1782.0,0.0,2027-07-07,3.1,17500.0,9.9,10.1,,9.47,7.79,0.35,0.0,4.5,1800.0,0.99,13678.0,0.26,9.9,9.9,10.1,10.1,2.0,21.0,31.0,14000.0,19000.0,10,0.0,0
0,0.0,2021.0,Andrews,High End,Adam,366.0,40.0,2020-04-18,1.7,23000.0,8.0,12.0,38.0,15.98,8.57,0.33,0.0,3.0,900.0,0.45,2554.0,0.11,7.5,8.9,12.5,11.1,0.0,30.0,40.0,20000.0,25000.0,1,1.272792206135786,0
1,0.0,2021.0,Andrews,Low End,Acre,1763.0,39.0,2017-05-25,4.6,14000.0,3.0,17.0,21.0,7.81,7.12,0.27,0.3,5.0,1400.0,1.29,8960.0,0.39,2.5,1.7,17.5,18.3,7.0,15.0,25.0,12000.0,17000.0,1,1.8384776310850242,0
2,0.0,2021.0,Andrews,Performance,Aft,358.0,78.0,2019-06-30,2.5,25000.0,9.4,15.5,33.0,15.87,8.57,0.23,0.0,3.0,600.0,0.73,1915.0,0.08,8.0,9.4,17.0,16.0,1.0,25.0,35.0,22000.0,27000.0,1,0.5,0
3,0.0,2021.0,Andrews,Size,Agape,314.0,62.0,2019-05-25,2.6,19000.0,4.0,11.0,33.0,13.62,8.57,0.3,0.0,3.0,600.0,0.63,1984.0,0.09,3.0,4.0,12.0,10.6,1.5,25.0,35.0,16000.0,21000.0,1,0.40000000000000036,0
4,0.0,2021.0,Andrews,Traditional,Able,999.0,189.0,2018-11-21,3.1,17500.0,5.5,14.5,28.0,11.59,7.49,0.29,0.0,4.0,1800.0,0.66,7387.0,0.32,5.0,5.0,15.0,15.0,2.0,20.0,30.0,14000.0,19000.0,1,0.7071067811865476,0
5,0.0,2021.0,Baldwin,High End,Bid,366.0,40.0,2020-04-18,1.7,23000.0,8.0,12.0,38.0,15.98,8.57,0.33,0.0,3.0,900.0,0.45,2554.0,0.11,7.5,8.9,12.5,11.1,0.0,30.0,40.0,20000.0,25000.0,1,1.272792206135786,0
6,0.0,2021.0,Baldwin,Low End,Bead,1763.0,39.0,2017-05-25,4.6,14000.0,3.0,17.0,21.0,7.81,7.12,0.27,0.3,5.0,1400.0,1.29,8960.0,0.39,2.5,1.7,17.5,18.3,7.0,15.0,25.0,12000.0,17000.0,1,1.8384776310850242,0
7,0.0,2021.0,Baldwin,Performance,Bold,358.0,78.0,2019-06-30,2.5,25000.0,9.4,15.5,33.0,15.87,8.57,0.23,0.0,3.0,600.0,0.73,1915.0,0.08,8.0,9.4,17.0,16.0,1.0,25.0,35.0,22000.0,27000.0,1,0.5,0
8,0.0,2021.0,Baldwin,Size,Buddy,314.0,62.0,2019-05-25,2.6,19000.0,4.0,11.0,33.0,13.62,8.57,0.3,0.0,3.0,600.0,0.63,1984.0,0.09,3.0,4.0,12.0,10.6,1.5,25.0,35.0,16000.0,21000.0,1,0.40000000000000036,0
9,0.0,2021.0,Baldwin,Traditional,Baker,999.0,189.0,2018-11-21,3.1,17500.0,5.5,14.5,28.0,11.59,7.49,0.29,0.0,4.0,1800.0,0.66,7387.0,0.32,5.0,5.0,15.0,15.0,2.0,20.0,30.0,14000.0,19000.0,1,0.7071067811865476,0
10,0.0,2021.0,Chester,High End,Cid,366.0,40.0,2020-04-18,1.7,23000.0,8.0,12.0,38.0,15.98,8.57,0.33,0.0,3.0,900.0,0.45,2554.0,0.11,7.5,8.9,12.5,11.1,0.0,30.0,40.0,20000.0,25000.0,1,1.272792206135786,0
11,0.0,2021.0,Chester,Low End,Cedar,1763.0,39.0,2017-05-25,4.6,14000.0,3.0,17.0,21.0,7.81,7.12,0.27,0.3,5.0,1400.0,1.29,8960.0,0.39,2.5,1.7,17.5,18.3,7.0,15.0,25.0,12000.0,17000.0,1,1.8384776310850242,0
12,0.0,2021.0,Chester,Performance,Coat,358.0,78.0,2019-06-30,2.5,25000.0,9.4,15.5,33.0,15.87,8.57,0.23,0.0,3.0,600.0,0.73,1915.0,0.08,8.0,9.4,17.0,16.0,1.0,25.0,35.0,22000.0,27000.0,1,0.5,0
13,0.0,2021.0,Chester,Size,Cure,314.0,62.0,2019-05-25,2.6,19000.0,4.0,11.0,33.0,13.62,8.57,0.3,0.0,3.0,600.0,0.63,1984.0,0.09,3.0,4.0,12.0,10.6,1.5,25.0,35.0,16000.0,21000.0,1,0.40000000000000036,0
14,0.0,2021.0,Chester,Traditional,Cake,999.0,189.0,2018-11-21,3.1,17500.0,5.5,14.5,28.0,11.59,7.49,0.29,0.0,4.0,1800.0,0.66,7387.0,0.32,5.0,5.0,15.0,15.0,2.0,20.0,30.0,14000.0,19000.0,1,0.7071067811865476,0
15,0.0,2021.0,Digby,High End,Duck,366.0,40.0,2020-04-18,1.7,23000.0,8.0,12.0,38.0,15.98,8.57,0.33,0.0,3.0,900.0,0.45,2554.0,0.11,7.5,8.9,12.5,11.1,0.0,30.0,40.0,20000.0,25000.0,1,1.272792206135786,0
16,0.0,2021.0,Digby,Low End,Dell,1763.0,39.0,2017-05-25,4.6,14000.0,3.0,17.0,21.0,7.81,7.12,0.27,0.3,5.0,1400.0,1.29,8960.0,0.39,2.5,1.7,17.5,18.3,7.0,15.0,25.0,12000.0,17000.0,1,1.8384776310850242,0
17,0.0,2021.0,Digby,Performance,Dot,358.0,78.0,2019-06-30,2.5,25000.0,9.4,15.5,33.0,15.87,8.57,0.23,0.0,3.0,600.0,0.73,1915.0,0.08,8.0,9.4,17.0,16.0,1.0,25.0,35.0,22000.0,27000.0,1,0.5,0
18,0.0,2021.0,Digby,Size,Dune,314.0,62.0,2019-05-25,2.6,19000.0,4.0,11.0,33.0,13.62,8.57,0.3,0.0,3.0,600.0,0.63,1984.0,0.09,3.0,4.0,12.0,10.6,1.5,25.0,35.0,16000.0,21000.0,1,0.40000000000000036,0
19,0.0,2021.0,Digby,Traditional,Daze,999.0,189.0,2018-11-21,3.1,17500.0,5.5,14.5,28.0,11.59,7.49,0.29,0.0,4.0,1800.0,0.66,7387.0,0.32,5.0,5.0,15.0,15.0,2.0,20.0,30.0,14000.0,19000.0,1,0.7071067811865476,0
20,0.0,2021.0,Erie,High End,Echo,366.0,40.0,2020-04-18,1.7,23000.0,8.0,12.0,38.0,15.98,8.57,0.33,0.0,3.0,900.0,0.45,2554.0,0.11,7.5,8.9,12.5,11.1,0.0,30.0,40.0,20000.0,25000.0,1,1.272792206135786,0
21,0.0,2021.0,Erie,Low End,Ebb,1763.0,39.0,2017-05-25,4.6,14000.0,3.0,17.0,21.0,7.81,7.12,0.27,0.3,5.0,1400.0,1.29,8960.0,0.39,2.5,1.7,17.5,18.3,7.0,15.0,25.0,12000.0,17000.0,1,1.8384776310850242,0
22,0.0,2021.0,Erie,Performance,Edge,358.0,78.0,2019-06-30,2.5,25000.0,9.4,15.5,33.0,15.87,8.57,0.23,0.0,3.0,600.0,0.73,1915.0,0.08,8.0,9.4,17.0,16.0,1.0,25.0,35.0,22000.0,27000.0,1,0.5,0
23,0.0,2021.0,Erie,Size,Egg,314.0,62.0,2019-05-25,2.6,19000.0,4.0,11.0,33.0,13.62,8.57,0.3,0.0,3.0,600.0,0.63,1984.0,0.09,3.0,4.0,12.0,10.6,1.5,25.0,35.0,16000.0,21000.0,1,0.40000000000000036,0
24,0.0,2021.0,Erie,Traditional,Eat,999.0,189.0,2018-11-21,3.1,17500.0,5.5,14.5,28.0,11.59,7.49,0.29,0.0,4.0,1800.0,0.66,7387.0,0.32,5.0,5.0,15.0,15.0,2.0,20.0,30.0,14000.0,19000.0,1,0.7071067811865476,0
25,0.0,2021.0,Ferris,High End,Fist,366.0,40.0,2020-04-18,1.7,23000.0,8.0,12.0,38.0,15.98,8.57,0.33,0.0,3.0,900.0,0.45,2554.0,0.11,7.5,8.9,12.5,11.1,0.0,30.0,40.0,20000.0,25000.0,1,1.272792206135786,0
26,0.0,2021.0,Ferris,Low End,Feat,1763.0,39.0,2017-05-25,4.6,14000.0,3.0,17.0,21.0,7.81,7.12,0.27,0.3,5.0,1400.0,1.29,8960.0,0.39,2.5,1.7,17.5,18.3,7.0,15.0,25.0,12000.0,17000.0,1,1.8384776310850242,0
27,0.0,2021.0,Ferris,Performance,Foam,358.0,78.0,2019-06-30,2.5,25000.0,9.4,15.5,33.0,15.87,8.57,0.23,0.0,3.0,600.0,0.73,1915.0,0.08,8.0,9.4,17.0,16.0,1.0,25.0,35.0,22000.0,27000.0,1,0.5,0
28,0.0,2021.0,Ferris,Size,Fume,314.0,62.0,2019-05-25,2.6,19000.0,4.0,11.0,33.0,13.62,8.57,0.3,0.0,3.0,600.0,0.63,1984.0,0.09,3.0,4.0,12.0,10.6,1.5,25.0,35.0,16000.0,21000.0,1,0.40000000000000036,0
29,0.0,2021.0,Ferris,Traditional,Fast,999.0,189.0,2018-11-21,3.1,17500.0,5.5,14.5,28.0,11.59,7.49,0.29,0.0,4.0,1800.0,0.66,7387.0,0.32,5.0,5.0,15.0,15.0,2.0,20.0,30.0,14000.0,19000.0,1,0.7071067811865476,0
30,1.0,2022.0,Andrews,High End,Adam,433.0,310.0,2023-05-06,2.7,23000.0,8.0,12.0,38.0,14.84,8.97,0.31,0.0,3.0,900.0,0.78,2968.0,0.12,8.4,9.8,11.6,10.2,0.0,29.5,39.5,20000.0,25000.0,1,2.545584412271572,0
31,1.0,2022.0,Andrews,Low End,Acre,1425.0,0.0,2017-05-25,5.6,14000.0,3.0,17.0,21.0,7.05,6.73,0.33,0.0,6.0,1400.0,0.99,10008.0,0.39,3.0,2.2,17.0,17.8,7.0,14.5,24.5,12000.0,17000.0,1,1.1313708498984762,0
32,1.0,2022.0,Andrews,Performance,Aft,393.0,51.0,2019-06-30,3.5,25000.0,9.4,15.5,33.0,14.81,8.97,0.25,0.0,4.0,600.0,0.61,2294.0,0.09,9.0,10.4,16.3,15.3,1.0,24.5,34.5,22000.0,27000.0,1,1.0198039027185568,0
33,1.0,2022.0,Andrews,Size,Agape,266.0,212.0,2019-05-25,3.6,19000.0,4.0,11.0,33.0,12.6,8.97,0.27,0.0,4.0,600.0,0.69,2347.0,0.09,3.7,4.7,11.0,9.6,1.5,24.5,34.5,16000.0,21000.0,1,1.5652475842498532,0
34,1.0,2022.0,Andrews,Traditional,Able,1319.0,652.0,2018-11-21,4.1,17500.0,5.5,14.5,28.0,10.65,7.85,0.28,0.0,4.5,1800.0,0.99,8067.0,0.31,5.7,5.7,14.3,14.3,2.0,19.5,29.5,14000.0,19000.0,1,0.2828427124746186,0
35,1.0,2022.0,Baldwin,High End,Bid,466.0,69.0,2024-01-31,2.7,23000.0,8.0,12.0,39.5,14.84,8.97,0.38,0.0,3.0,900.0,0.55,2968.0,0.12,8.4,9.8,11.6,10.2,0.0,29.5,39.5,20000.0,25000.0,1,2.545584412271572,0
36,1.0,2022.0,Baldwin,Low End,Bead,1722.0,0.0,2017-05-25,5.6,14000.0,3.0,17.0,20.5,7.05,7.29,0.29,0.21,7.0,1600.0,1.2,10008.0,0.39,3.0,2.2,17.0,17.8,7.0,14.5,24.5,12000.0,17000.0,1,1.1313708498984762,0
37,1.0,2022.0,Baldwin,Performance,Bold,474.0,0.0,2022-09-01,1.9,27000.0,10.4,15.9,34.5,15.96,8.97,0.29,0.0,3.0,600.0,0.66,2294.0,0.09,9.0,10.4,16.3,15.3,1.0,24.5,34.5,22000.0,27000.0,1,0.5999999999999996,0
38,1.0,2022.0,Baldwin,Size,Buddy,458.0,0.0,2022-06-11,2.1,20000.0,4.5,10.4,34.5,13.44,8.97,0.35,0.0,3.0,600.0,0.66,2347.0,0.09,3.7,4.7,11.0,9.6,1.5,24.5,34.5,16000.0,21000.0,1,0.8246211251235328,0
39,1.0,2022.0,Baldwin,Traditional,Baker,1377.0,0.0,2022-03-17,2.4,17500.0,5.7,14.3,29.5,10.85,7.85,0.35,0.0,4.0,1800.0,0.66,8067.0,0.31,5.7,5.7,14.3,14.3,2.0,19.5,29.5,14000.0,19000.0,1,0.0,0
40,1.0,2022.0,Chester,High End,Cid,521.0,293.0,2020-04-18,2.7,23000.0,8.0,12.0,39.5,14.84,9.19,0.34,0.0,3.0,900.0,0.86,2968.0,0.12,8.4,9.8,11.6,10.2,0.0,29.5,39.5,20000.0,25000.0,1,2.545584412271572,0
41,1.0,2022.0,Chester,Low End,Cedar,1731.0,0.0,2017-05-25,5.6,14000.0,3.0,17.0,22.0,7.05,7.54,0.32,0.25,7.0,1400.0,1.21,10008.0,0.39,3.0,2.2,17.0,17.8,7.0,14.5,24.5,12000.0,17000.0,1,1.1313708498984762,0
42,1.0,2022.0,Chester,Performance,Coat,380.0,278.0,2023-04-08,3.5,25000.0,9.4,15.5,34.4,14.81,9.19,0.23,0.0,5.0,600.0,0.97,2294.0,0.09,9.0,10.4,16.3,15.3,1.0,24.5,34.5,22000.0,27000.0,1,1.0198039027185568,0
43,1.0,2022.0,Chester,Size,Cure,283.0,360.0,2019-05-25,3.6,19000.0,4.0,11.0,34.4,12.6,9.19,0.26,0.0,3.0,600.0,0.97,2347.0,0.09,3.7,4.7,11.0,9.6,1.5,24.5,34.5,16000.0,21000.0,1,1.5652475842498532,0
44,1.0,2022.0,Chester,Traditional,Cake,1282.0,647.0,2022-05-05,2.4,14000.0,5.7,14.3,29.5,9.8,8.04,0.33,0.0,6.0,1800.0,0.97,8067.0,0.31,5.7,5.7,14.3,14.3,2.0,19.5,29.5,14000.0,19000.0,1,0.0,0
45,1.0,2022.0,Digby,High End,Duck,306.0,626.0,2020-04-18,2.7,23000.0,8.0,12.0,40.0,14.84,8.97,0.25,0.0,3.0,900.0,0.99,2968.0,0.12,8.4,9.8,11.6,10.2,0.0,29.5,39.5,20000.0,25000.0,1,2.545584412271572,0
46,1.0,2022.0,Digby,Low End,Dell,2811.0,0.0,2022-01-29,5.6,12000.0,3.0,17.0,24.0,6.45,8.32,0.37,1.0,6.0,1600.0,1.98,10008.0,0.39,3.0,2.2,17.0,17.8,7.0,14.5,24.5,12000.0,17000.0,1,1.1313708498984762,0
47,1.0,2022.0,Digby,NA,DeeNee,0.0,0.0,2023-07-12,0.0,0.0,0.0,0.0,0.0,0.0,0.0,0.0,0.0,1.0,200.0,0,,,,,,,,,,,,1,,0
48,1.0,2022.0,Digby,Performance,Dot,499.0,173.0,2022-05-03,2.1,27000.0,9.9,15.5,33.0,15.74,8.97,0.22,0.0,3.0,600.0,0.99,2294.0,0.09,9.0,10.4,16.3,15.3,1.0,24.5,34.5,22000.0,27000.0,1,0.5385164807134502,0
49,1.0,2022.0,Digby,Size,Dune,449.0,208.0,2022-05-12,2.1,19000.0,4.5,10.5,33.0,13.08,8.97,0.29,0.0,3.0,600.0,0.99,2347.0,0.09,3.7,4.7,11.0,9.6,1.5,24.5,34.5,16000.0,21000.0,1,0.9219544457292891,0
50,1.0,2022.0,Digby,Traditional,Daze,1520.0,2234.0,2022-03-17,2.4,17500.0,5.7,14.3,28.0,10.85,9.7,0.13,1.0,5.0,1800.0,1.98,8067.0,0.31,5.7,5.7,14.3,14.3,2.0,19.5,29.5,14000.0,19000.0,1,0.0,0
51,1.0,2022.0,Erie,High End,Echo,462.0,470.0,2023-07-31,2.7,23000.0,8.0,12.0,38.0,14.84,8.97,0.28,0.0,4.0,900.0,0.99,2968.0,0.12,8.4,9.8,11.6,10.2,0.0,29.5,39.5,20000.0,25000.0,1,2.545584412271572,0
52,1.0,2022.0,Erie,Low End,Ebb,2019.0,0.0,2017-05-25,5.6,14000.0,3.0,17.0,21.0,7.05,7.68,0.28,0.43,5.0,1400.0,1.41,10008.0,0.39,3.0,2.2,17.0,17.8,7.0,14.5,24.5,12000.0,17000.0,1,1.1313708498984762,0
53,1.0,2022.0,Erie,Performance,Edge,369.0,28.0,2019-06-30,3.5,25000.0,9.4,15.5,33.0,14.81,8.97,0.26,0.0,3.0,600.0,0.53,2294.0,0.09,9.0,10.4,16.3,15.3,1.0,24.5,34.5,22000.0,27000.0,1,1.0198039027185568,0
54,1.0,2022.0,Erie,Size,Egg,364.0,293.0,2022-11-18,1.9,19000.0,4.7,9.6,33.0,13.73,8.97,0.26,0.0,4.0,600.0,0.99,2347.0,0.09,3.7,4.7,11.0,9.6,1.5,24.5,34.5,16000.0,21000.0,1,0.0,0
55,1.0,2022.0,Erie,Traditional,Eat,1479.0,492.0,2022-05-22,2.4,17500.0,6.0,14.0,29.0,11.16,7.85,0.31,0.0,5.0,1800.0,0.99,8067.0,0.31,5.7,5.7,14.3,14.3,2.0,19.5,29.5,14000.0,19000.0,1,0.4242640687119289,0
56,1.0,2022.0,Ferris,High End,Fist,514.0,121.0,2022-10-28,1.4,24000.0,9.0,11.0,39.0,16.16,8.97,0.36,0.0,4.0,900.0,0.66,2968.0,0.12,8.4,9.8,11.6,10.2,0.0,29.5,39.5,20000.0,25000.0,1,1.1313708498984771,0
57,1.0,2022.0,Ferris,Performance,Foam,324.0,50.0,2022-05-11,2.1,24000.0,9.0,16.0,34.0,14.1,8.97,0.28,0.0,4.0,600.0,0.5,2294.0,0.09,9.0,10.4,16.3,15.3,1.0,24.5,34.5,22000.0,27000.0,1,1.5652475842498528,0
58,1.0,2022.0,Ferris,Size,Fume,415.0,44.0,2022-07-29,2.0,18000.0,4.2,10.0,34.0,13.02,8.97,0.34,0.0,4.0,600.0,0.66,2347.0,0.09,3.7,4.7,11.0,9.6,1.5,24.5,34.5,16000.0,21000.0,1,0.6403124237432851,0
59,1.0,2022.0,Ferris,Traditional,Fast,1625.0,0.0,2022-03-26,2.4,19000.0,5.4,14.6,28.0,11.0,7.85,0.32,0.0,5.0,1800.0,0.8,8067.0,0.31,5.7,5.7,14.3,14.3,2.0,19.5,29.5,14000.0,19000.0,1,0.4242640687119277,0
60,2.0,2023.0,Andrews,High End,Adam,805.0,0.0,2023-05-06,2.2,23000.0,9.5,10.0,38.0,15.49,9.41,0.36,0.0,3.0,900.0,0.55,3449.0,0.12,9.3,10.7,10.7,9.3,0.0,29.0,39.0,20000.0,25000.0,1,1.3892443989449796,0
61,2.0,2023.0,Andrews,Low End,Acre,2079.0,0.0,2017-05-25,6.6,14000.0,3.0,17.0,21.0,6.38,6.81,0.36,0.5,6.0,1400.0,1.49,11179.0,0.39,3.5,2.7,16.5,17.3,7.0,14.0,24.0,12000.0,17000.0,1,0.4242640687119289,0
62,2.0,2023.0,Andrews,NA,ANew1,0.0,0.0,2024-01-03,0.0,0.0,0.0,0.0,0.0,0.0,0.0,0.0,0.0,3.0,600.0,0,,,,,,,,,,,,1,,0
63,2.0,2023.0,Andrews,Performance,Aft,471.0,75.0,2023-01-29,4.5,27000.0,9.4,15.5,33.0,14.47,8.23,0.28,0.0,4.0,600.0,0.83,2748.0,0.09,10.0,11.4,15.6,14.6,1.0,24.0,34.0,22000.0,27000.0,1,2.193171219946131,0
64,2.0,2023.0,Andrews,Size,Agape,105.0,305.0,2019-05-25,4.6,19000.0,4.0,11.0,33.0,11.69,8.23,0.14,0.0,4.0,600.0,0.33,2777.0,0.1,4.4,5.4,10.0,8.6,1.5,24.0,34.0,16000.0,21000.0,1,2.7784887978899615,0
65,2.0,2023.0,Andrews,Traditional,Able,1290.0,352.0,2023-06-01,2.8,17500.0,6.0,14.0,28.0,10.28,7.64,0.32,0.0,4.5,1800.0,0.55,8809.0,0.3,6.4,6.4,13.6,13.6,2.0,21.5,31.5,14000.0,19000.0,1,0.5656854249492386,0
66,2.0,2023.0,Baldwin,High End,Bid,393.0,270.0,2024-01-31,3.7,23000.0,8.0,12.0,39.0,13.83,9.41,0.34,0.0,3.0,900.0,0.66,3449.0,0.12,9.3,10.7,10.7,9.3,0.0,29.0,39.0,20000.0,25000.0,1,3.8183766184073558,0
67,2.0,2023.0,Baldwin,Low End,Bead,3169.0,0.0,2017-05-25,6.6,14000.0,3.0,17.0,20.0,6.38,5.82,0.38,1.0,8.0,2300.0,1.98,11179.0,0.39,3.5,2.7,16.5,17.3,7.0,14.0,24.0,12000.0,17000.0,1,0.4242640687119289,0
68,2.0,2023.0,Baldwin,Performance,Bold,654.0,227.0,2024-01-03,2.9,27000.0,10.4,15.9,34.0,15.0,10.86,0.2,0.48,3.0,600.0,1.47,2748.0,0.09,10.0,11.4,15.6,14.6,1.0,24.0,34.0,22000.0,27000.0,1,1.6401219466856731,0
69,2.0,2023.0,Baldwin,Size,Buddy,484.0,210.0,2024-01-09,3.1,20000.0,4.5,10.4,34.0,12.49,10.05,0.29,0.17,3.0,600.0,1.16,2777.0,0.1,4.4,5.4,10.0,8.6,1.5,24.0,34.0,16000.0,21000.0,1,2.0124611797498115,0
70,2.0,2023.0,Baldwin,Traditional,Baker,1935.0,45.0,2023-08-02,1.9,17500.0,6.4,13.6,29.5,10.66,8.63,0.35,0.11,5.0,1800.0,1.1,8809.0,0.3,6.4,6.4,13.6,13.6,2.0,21.5,31.5,14000.0,19000.0,1,0.0,0
71,2.0,2023.0,Chester,High End,Cid,226.0,68.0,2024-01-18,3.7,23000.0,8.0,12.0,39.5,13.83,9.63,0.36,0.0,3.0,900.0,0,3449.0,0.12,9.3,10.7,10.7,9.3,0.0,29.0,39.0,20000.0,25000.0,1,3.8183766184073558,0
72,2.0,2023.0,Chester,Low End,Cedar,2707.0,0.0,2017-05-25,6.6,14000.0,3.0,17.0,21.2,6.38,5.95,0.41,1.0,8.0,1400.0,1.93,11179.0,0.39,3.5,2.7,16.5,17.3,7.0,14.0,24.0,12000.0,17000.0,1,0.4242640687119289,0
73,2.0,2023.0,Chester,NA,C_PI,0.0,0.0,2024-07-15,0.0,0.0,0.0,0.0,0.0,0.0,0.0,0.0,0.0,1.0,400.0,0,,,,,,,,,,,,1,,0
74,2.0,2023.0,Chester,Performance,Coat,709.0,149.0,2023-04-08,2.6,27000.0,11.4,14.6,34.0,15.94,7.22,0.29,0.0,5.0,600.0,0.97,2748.0,0.09,10.0,11.4,15.6,14.6,1.0,24.0,34.0,22000.0,27000.0,1,0.0,0
75,2.0,2023.0,Chester,Size,Cure,360.0,1.0,2023-03-18,2.7,21000.0,4.1,11.0,33.7,12.32,9.63,0.34,0.0,3.0,600.0,0,2777.0,0.1,4.4,5.4,10.0,8.6,1.5,24.0,34.0,16000.0,21000.0,1,2.7294688127912368,0
76,2.0,2023.0,Chester,Traditional,Cake,1203.0,218.0,2022-05-05,3.4,14000.0,5.7,14.3,28.7,8.95,6.02,0.4,0.0,8.0,1800.0,0.43,8809.0,0.3,6.4,6.4,13.6,13.6,2.0,21.5,31.5,14000.0,19000.0,1,0.9899494936611675,0
77,2.0,2023.0,Digby,High End,DeeNee,184.0,0.0,2023-07-12,0.5,22000.0,10.0,10.0,40.0,15.43,14.53,0.25,1.0,3.0,400.0,0.92,3449.0,0.12,9.3,10.7,10.7,9.3,0.0,29.0,39.0,20000.0,25000.0,1,0.9899494936611655,0
78,2.0,2023.0,Digby,High End,Duck,228.0,695.0,2020-04-18,3.7,23000.0,8.0,12.0,38.5,13.83,9.4,0.15,0.0,3.0,900.0,0.33,3449.0,0.12,9.3,10.7,10.7,9.3,0.0,29.0,39.0,20000.0,25000.0,1,3.8183766184073558,0
79,2.0,2023.0,Digby,Low End,Dell,1231.0,1937.0,2022-01-29,6.6,12000.0,3.0,17.0,22.0,5.78,7.27,0.28,1.0,7.0,1600.0,1.98,11179.0,0.39,3.5,2.7,16.5,17.3,7.0,14.0,24.0,12000.0,17000.0,1,0.4242640687119289,0
80,2.0,2023.0,Digby,Performance,Dot,513.0,255.0,2023-05-24,1.8,27000.0,10.5,15.0,33.5,15.28,9.4,0.22,0.0,3.0,600.0,0.99,2748.0,0.09,10.0,11.4,15.6,14.6,1.0,24.0,34.0,22000.0,27000.0,1,0.9848857801796109,0
81,2.0,2023.0,Digby,Size,Dune,583.0,219.0,2023-07-27,1.8,19000.0,4.9,9.5,33.0,12.86,9.4,0.3,0.0,3.0,600.0,0.99,2777.0,0.1,4.4,5.4,10.0,8.6,1.5,24.0,34.0,16000.0,21000.0,1,1.0295630140987002,0
82,2.0,2023.0,Digby,Traditional,Daze,1525.0,709.0,2023-05-07,2.0,17500.0,6.1,14.0,28.0,0.0,0.0,0.22,0.0,5.0,1800.0,0,8809.0,0.3,6.4,6.4,13.6,13.6,2.0,21.5,31.5,14000.0,19000.0,1,0.5000000000000007,0
83,2.0,2023.0,Erie,High End,Echo,470.0,0.0,2023-07-31,2.1,24000.0,9.8,10.0,39.0,0.0,0.0,0.38,0.0,4.0,900.0,0,3449.0,0.12,9.3,10.7,10.7,9.3,0.0,29.0,39.0,20000.0,25000.0,1,1.1401754250991363,0
84,2.0,2023.0,Erie,Low End,Ebb,1917.0,856.0,2017-05-25,6.6,14000.0,3.0,17.0,22.0,6.38,8.72,0.26,1.0,5.0,1400.0,1.98,11179.0,0.39,3.5,2.7,16.5,17.3,7.0,14.0,24.0,12000.0,17000.0,1,0.4242640687119289,0
85,2.0,2023.0,Erie,NA,Elite,0.0,0.0,2023-11-26,0.1,20000.0,11.6,9.0,40.0,0.0,0.0,0.0,0.0,4.0,600.0,0,,,,,,,,,,,,1,,0
86,2.0,2023.0,Erie,Performance,Edge,208.0,139.0,2019-06-30,4.5,25000.0,9.4,15.5,33.0,13.87,9.4,0.23,0.0,3.0,600.0,0.53,2748.0,0.09,10.0,11.4,15.6,14.6,1.0,24.0,34.0,22000.0,27000.0,1,2.193171219946131,0
87,2.0,2023.0,Erie,Size,Egg,685.0,202.0,2024-12-24,2.9,19000.0,4.7,9.6,34.5,12.74,8.23,0.35,0.0,4.0,600.0,0.99,2777.0,0.1,4.4,5.4,10.0,8.6,1.5,24.0,34.0,16000.0,21000.0,1,1.2206555615733703,0
88,2.0,2023.0,Erie,Traditional,Eat,1891.0,86.0,2023-05-18,2.0,17500.0,6.4,13.6,29.0,10.66,7.05,0.37,0.0,6.5,1800.0,0.83,8809.0,0.3,6.4,6.4,13.6,13.6,2.0,21.5,31.5,14000.0,19000.0,1,0.0,0
89,2.0,2023.0,Ferris,High End,Fist,1111.0,0.0,2023-07-01,1.5,24000.0,9.7,10.4,39.0,15.69,8.61,0.38,0.11,4.0,900.0,1.1,3449.0,0.12,9.3,10.7,10.7,9.3,0.0,29.0,39.0,20000.0,25000.0,1,1.4866068747318502,0
90,2.0,2023.0,Ferris,Performance,Foam,204.0,93.0,2023-08-23,1.7,24000.0,10.0,15.4,34.0,13.97,8.22,0.31,0.0,4.0,600.0,0.41,2748.0,0.09,10.0,11.4,15.6,14.6,1.0,24.0,34.0,22000.0,27000.0,1,1.6124515496597107,0
91,2.0,2023.0,Ferris,Size,Fume,578.0,109.0,2023-05-06,1.8,18000.0,4.4,9.4,34.0,12.49,8.52,0.36,0.08,4.0,600.0,1.07,2777.0,0.1,4.4,5.4,10.0,8.6,1.5,24.0,34.0,16000.0,21000.0,1,1.2806248474865702,0
92,2.0,2023.0,Ferris,Traditional,Fast,1044.0,392.0,2022-03-26,3.4,19000.0,5.4,14.6,28.0,10.16,8.54,0.29,0.81,5.0,800.0,1.79,8809.0,0.3,6.4,6.4,13.6,13.6,2.0,21.5,31.5,14000.0,19000.0,1,1.4142135623730951,0
93,3.0,2024.0,Andrews,High End,ANew1,396.0,0.0,2024-01-03,1.0,24000.0,11.0,8.0,38.49,16.32,9.85,0.31,0.0,3.0,600.0,0.66,4007.0,0.12,10.2,11.6,9.8,8.4,0.0,28.5,38.5,20000.0,25000.0,1,0.7211102550927978,0
94,3.0,2024.0,Andrews,High End,Adam,652.0,239.0,2023-05-06,3.2,23000.0,9.5,10.0,37.99,14.47,9.85,0.32,0.0,3.0,900.0,0.99,4007.0,0.12,10.2,11.6,9.8,8.4,0.0,28.5,38.5,20000.0,25000.0,1,2.6400757564888164,0
95,3.0,2024.0,Andrews,Low End,Acre,1579.0,996.0,2017-05-25,7.6,14000.0,3.0,17.0,20.49,5.79,7.51,0.29,0.86,6.0,1400.0,1.84,12487.0,0.38,4.0,3.2,16.0,16.8,7.0,13.5,23.5,12000.0,17000.0,1,0.2828427124746186,0
96,3.0,2024.0,Andrews,NA,ANew2,0.0,0.0,2025-08-09,0.0,0.0,0.0,0.0,0.0,0.0,0.0,0.0,0.0,3.0,600.0,0,,,,,,,,,,,,1,,0
97,3.0,2024.0,Andrews,Performance,Aft,449.0,121.0,2025-04-04,5.5,27000.0,9.4,15.5,32.99,13.63,8.62,0.29,0.0,4.0,600.0,0.83,3293.0,0.1,11.0,12.4,14.9,13.9,1.0,23.5,33.5,22000.0,27000.0,1,3.4,0
98,3.0,2024.0,Andrews,Size,Agape,134.0,172.0,2019-05-25,5.6,19000.0,4.0,11.0,31.99,10.88,8.62,0.24,0.0,4.0,600.0,0,3285.0,0.1,5.1,6.1,9.0,7.6,1.5,23.5,33.5,16000.0,21000.0,1,3.996248240537617,0
99,3.0,2024.0,Andrews,Traditional,Able,1461.0,179.0,2024-06-23,2.2,17500.0,6.5,13.0,27.99,10.17,8.01,0.34,0.0,4.5,1800.0,0.72,9619.0,0.29,7.1,7.1,12.9,12.9,2.0,21.0,31.0,14000.0,19000.0,1,0.6082762530298216,0
100,3.0,2024.0,Baldwin,High End,Bid,270.0,0.0,2024-01-31,2.8,23000.0,10.7,9.3,37.0,0.0,0.0,0.36,0.0,3.0,1.0,0,4007.0,0.12,10.2,11.6,9.8,8.4,0.0,28.5,38.5,20000.0,25000.0,1,1.272792206135786,0
101,3.0,2024.0,Baldwin,Low End,Bead,3228.0,988.0,2017-05-25,7.6,14000.0,3.0,17.0,19.5,5.56,3.99,0.48,0.85,9.0,2400.0,1.83,12487.0,0.38,4.0,3.2,16.0,16.8,7.0,13.5,23.5,12000.0,17000.0,1,0.2828427124746186,0
102,3.0,2024.0,Baldwin,NA,Baker2,0.0,0.0,2025-04-29,0.0,0.0,0.0,0.0,0.0,0.0,0.0,0.0,0.0,3.0,450.0,0,,,,,,,,,,,,1,,0
103,3.0,2024.0,Baldwin,NA,Bid2,0.0,0.0,2024-06-30,0.5,23000.0,12.5,7.5,20.0,0.0,0.0,0.0,0.0,3.0,400.0,0,,,,,,,,,,,,1,,0
104,3.0,2024.0,Baldwin,Performance,Bold,782.0,0.0,2024-01-03,2.5,27000.0,11.4,14.6,33.5,14.4,8.74,0.28,0.0,3.0,600.0,0.92,3293.0,0.1,11.0,12.4,14.9,13.9,1.0,23.5,33.5,22000.0,27000.0,1,1.2206555615733699,0
105,3.0,2024.0,Baldwin,Size,Buddy,1002.0,0.0,2024-01-09,2.5,20000.0,5.4,9.0,33.5,12.16,9.78,0.33,0.33,3.0,600.0,1.32,3285.0,0.1,5.1,6.1,9.0,7.6,1.5,23.5,33.5,16000.0,21000.0,1,1.5652475842498528,0
106,3.0,2024.0,Baldwin,Traditional,Baker,1957.0,465.0,2024-08-16,1.6,17500.0,7.1,12.9,29.0,10.05,7.33,0.39,0.33,9.0,1800.0,1.32,9619.0,0.29,7.1,7.1,12.9,12.9,2.0,21.0,31.0,14000.0,19000.0,1,0.0,0
107,3.0,2024.0,Chester,Low End,Cedar,2772.0,0.0,2017-05-25,7.6,14000.0,3.0,17.0,19.7,5.77,4.48,0.47,1.0,8.0,1400.0,1.98,12487.0,0.38,4.0,3.2,16.0,16.8,7.0,13.5,23.5,12000.0,17000.0,1,0.2828427124746186,0
108,3.0,2024.0,Chester,NA,C_PI,0.0,0.0,2024-07-15,0.5,27000.0,13.4,13.2,33.3,0.0,0.0,0.0,0.0,5.0,400.0,0,,,,,,,,,,,,1,,0
109,3.0,2024.0,Chester,Performance,Coat,1238.0,0.0,2024-08-08,2.0,27000.0,12.4,13.9,33.5,15.69,8.81,0.28,0.83,5.0,600.0,1.82,3293.0,0.1,11.0,12.4,14.9,13.9,1.0,23.5,33.5,22000.0,27000.0,1,0.0,0
110,3.0,2024.0,Chester,Size,Cure,317.0,0.0,2024-12-23,1.9,19000.0,6.1,11.0,33.0,11.42,9.66,0.35,0.0,3.0,600.0,0.53,3285.0,0.1,5.1,6.1,9.0,7.6,1.5,23.5,33.5,16000.0,21000.0,1,3.4000000000000004,0
111,3.0,2024.0,Chester,Traditional,Cake,911.0,0.0,2022-05-05,4.4,14000.0,5.7,14.3,22.0,8.15,3.62,0.4,0.0,8.0,1200.0,0.58,9619.0,0.29,7.1,7.1,12.9,12.9,2.0,21.0,31.0,14000.0,19000.0,1,1.979898987322333,0
112,3.0,2024.0,Chester,Traditional,Cid,1846.0,5.0,2024-01-18,2.8,19000.0,6.8,13.0,28.3,10.7,11.95,0.19,1.0,7.0,900.0,1.98,9619.0,0.29,7.1,7.1,12.9,12.9,2.0,21.0,31.0,14000.0,19000.0,1,0.31622776601683766,0
113,3.0,2024.0,Digby,High End,DeeNee,792.0,0.0,2024-09-06,0.9,22000.0,11.0,9.0,39.0,15.24,12.17,0.3,1.0,5.0,700.0,1.98,4007.0,0.12,10.2,11.6,9.8,8.4,0.0,28.5,38.5,20000.0,25000.0,1,0.8485281374238566,0
114,3.0,2024.0,Digby,Low End,Dell,2114.0,1408.0,2022-01-29,7.6,12000.0,3.0,17.0,17.0,5.18,4.92,0.24,0.0,7.0,1600.0,0.99,12487.0,0.38,4.0,3.2,16.0,16.8,7.0,13.5,23.5,12000.0,17000.0,1,0.2828427124746186,0
115,3.0,2024.0,Digby,Performance,Dot,585.0,263.0,2025-08-16,2.8,27000.0,10.5,15.0,32.0,14.35,9.84,0.19,0.0,3.0,600.0,0.99,3293.0,0.1,11.0,12.4,14.9,13.9,1.0,23.5,33.5,22000.0,27000.0,1,2.195449840010015,0
116,3.0,2024.0,Digby,Size,Dune,813.0,0.0,2024-10-17,1.5,19000.0,5.7,8.1,32.0,12.93,9.84,0.3,0.0,3.0,600.0,0.99,3285.0,0.1,5.1,6.1,9.0,7.6,1.5,23.5,33.5,16000.0,21000.0,1,0.6403124237432846,0
117,3.0,2024.0,Digby,Traditional,Daze,1570.0,921.0,2024-08-29,1.7,17500.0,6.8,13.0,25.0,10.27,7.38,0.21,0.0,5.0,1800.0,0.99,9619.0,0.29,7.1,7.1,12.9,12.9,2.0,21.0,31.0,14000.0,19000.0,1,0.31622776601683766,0
118,3.0,2024.0,Digby,Traditional,Duck,371.0,324.0,2020-04-18,4.7,23000.0,8.0,12.0,25.0,0.0,0.0,-0.06,0.0,3.0,300.0,0,9619.0,0.29,7.1,7.1,12.9,12.9,2.0,21.0,31.0,14000.0,19000.0,1,1.272792206135786,0
119,3.0,2024.0,Erie,High End,Elite,1172.0,0.0,2024-02-27,1.1,25000.0,11.6,9.0,38.5,16.43,10.78,0.29,1.0,5.0,600.0,1.95,4007.0,0.12,10.2,11.6,9.8,8.4,0.0,28.5,38.5,20000.0,25000.0,1,0.5999999999999996,0
120,3.0,2024.0,Erie,Low End,Ebb,2116.0,107.0,2017-05-25,7.6,14000.0,3.0,17.0,21.0,5.79,7.47,0.32,0.0,6.0,1400.0,0.98,12487.0,0.38,4.0,3.2,16.0,16.8,7.0,13.5,23.5,12000.0,17000.0,1,0.2828427124746186,0
121,3.0,2024.0,Erie,NA,Echo,0.0,0.0,2023-07-31,3.1,24000.0,9.8,10.0,39.0,0.0,0.0,0.0,0.0,4.0,900.0,0,,,,,,,,,,,,1,,0
122,3.0,2024.0,Erie,NA,Elon,0.0,0.0,2025-06-27,0.0,0.0,0.0,0.0,0.0,0.0,0.0,0.0,0.0,3.0,600.0,0,,,,,,,,,,,,1,,0
123,3.0,2024.0,Erie,Size,Egg,427.0,361.0,2024-12-24,1.9,19000.0,6.8,6.6,34.0,14.09,8.72,0.31,0.0,4.0,600.0,0.98,3285.0,0.1,5.1,6.1,9.0,7.6,1.5,23.5,33.5,16000.0,21000.0,1,1.2206555615733703,0
124,3.0,2024.0,Erie,Traditional,Eat,1756.0,1065.0,2025-02-12,3.0,17500.0,6.4,13.6,28.5,9.84,6.55,0.37,0.56,7.5,1800.0,1.52,9619.0,0.29,7.1,7.1,12.9,12.9,2.0,21.0,31.0,14000.0,19000.0,1,0.9899494936611655,0
125,3.0,2024.0,Ferris,High End,Fist,644.0,0.0,2024-09-25,1.4,24000.0,10.5,9.4,39.0,15.47,8.61,0.39,0.0,4.0,950.0,0.72,4007.0,0.12,10.2,11.6,9.8,8.4,0.0,28.5,38.5,20000.0,25000.0,1,1.4866068747318502,0
126,3.0,2024.0,Ferris,Performance,Foam,242.0,0.0,2024-10-26,1.4,24000.0,11.0,14.4,34.0,13.92,8.61,0.35,0.0,4.0,600.0,0.25,3293.0,0.1,11.0,12.4,14.9,13.9,1.0,23.5,33.5,22000.0,27000.0,1,1.4866068747318508,0
127,3.0,2024.0,Ferris,Size,Fume,604.0,0.0,2024-08-01,1.6,18000.0,4.7,8.4,34.0,12.26,8.61,0.39,0.0,4.0,700.0,0.83,3285.0,0.1,5.1,6.1,9.0,7.6,1.5,23.5,33.5,16000.0,21000.0,1,1.6124515496597098,0
128,3.0,2024.0,Ferris,Traditional,Fast,492.0,98.0,2024-01-29,4.4,17000.0,5.4,14.6,24.0,8.82,7.38,0.23,0.0,5.0,800.0,0.25,9619.0,0.29,7.1,7.1,12.9,12.9,2.0,21.0,31.0,14000.0,19000.0,1,2.4041630560342604,0
129,4.0,2025.0,Andrews,High End,ANew1,594.0,0.0,2025-07-16,1.2,24000.0,12.5,7.5,38.5,16.03,9.76,0.33,0.0,3.0,600.0,0.99,4656.0,0.13,11.1,12.5,8.9,7.5,0.0,28.0,38.0,20000.0,25000.0,1,0.0,0
130,4.0,2025.0,Andrews,High End,Adam,199.0,436.0,2023-05-06,4.2,23000.0,9.5,10.0,37.0,13.48,9.76,0.18,0.0,3.0,900.0,0.44,4656.0,0.13,11.1,12.5,8.9,7.5,0.0,28.0,38.0,20000.0,25000.0,1,3.905124837953327,0
131,4.0,2025.0,Andrews,Low End,Acre,1209.0,826.0,2017-05-25,8.6,14000.0,3.0,17.0,20.49,5.25,6.1,0.34,0.0,6.0,1400.0,0.74,13948.0,0.38,4.5,3.7,15.5,16.3,7.0,13.0,23.0,12000.0,17000.0,1,0.9899494936611661,0
132,4.0,2025.0,Andrews,Performance,Aft,507.0,188.0,2025-04-04,3.6,27000.0,12.0,14.0,33.0,14.54,8.54,0.28,0.0,4.0,600.0,0.96,3945.0,0.11,12.0,13.4,14.2,13.2,1.0,23.0,33.0,22000.0,27000.0,1,1.6124515496597107,0
133,4.0,2025.0,Andrews,Size,ANew2,208.0,0.0,2025-08-09,0.4,19000.0,7.0,6.0,33.5,13.45,9.76,0.3,0.0,3.0,600.0,0.35,3886.0,0.11,5.8,6.8,8.0,6.6,1.5,23.0,33.0,16000.0,21000.0,1,0.6324555320336757,0
134,4.0,2025.0,Andrews,Size,Agape,86.0,88.0,2019-05-25,6.6,19000.0,4.0,11.0,30.0,10.12,8.54,0.21,0.0,4.0,1.0,0.99,3886.0,0.11,5.8,6.8,8.0,6.6,1.5,23.0,33.0,16000.0,21000.0,1,5.215361924162119,0
135,4.0,2025.0,Andrews,Traditional,Able,1636.0,127.0,2025-07-22,1.8,17500.0,7.8,12.2,28.0,10.23,7.93,0.35,0.0,4.5,1800.0,0.88,10504.0,0.28,7.8,7.8,12.2,12.2,2.0,20.5,30.5,14000.0,19000.0,1,0.0,0
136,4.0,2025.0,Baldwin,High End,Baker2,227.0,372.0,2025-04-29,0.7,25000.0,13.4,6.6,38.5,15.25,9.93,0.21,1.0,3.0,850.0,1.33,4656.0,0.13,11.1,12.5,8.9,7.5,0.0,28.0,38.0,20000.0,25000.0,1,1.272792206135786,0
137,4.0,2025.0,Baldwin,High End,Bid2,792.0,0.0,2024-06-30,1.5,23000.0,12.5,7.5,38.5,14.06,9.93,0.37,1.0,3.0,400.0,1.98,4656.0,0.13,11.1,12.5,8.9,7.5,0.0,28.0,38.0,20000.0,25000.0,1,0.0,0
138,4.0,2025.0,Baldwin,Low End,Bead,3196.0,1159.0,2026-02-10,8.6,14000.0,3.0,17.0,18.6,4.69,2.29,0.56,0.42,10.0,2650.0,1.4,13948.0,0.38,4.5,3.7,15.5,16.3,7.0,13.0,23.0,12000.0,17000.0,1,0.9899494936611661,0
139,4.0,2025.0,Baldwin,NA,Bead2,0.0,0.0,2027-01-20,2.8,14000.0,4.5,16.0,20.0,0.0,0.0,0.0,0.0,5.0,400.0,0,,,,,,,,,,,,1,,0
140,4.0,2025.0,Baldwin,Performance,Bold,774.0,414.0,2026-05-11,3.5,27000.0,11.4,14.6,33.0,12.59,9.93,0.27,1.0,5.0,850.0,1.98,3945.0,0.11,12.0,13.4,14.2,13.2,1.0,23.0,33.0,22000.0,27000.0,1,2.4413111231467406,0
141,4.0,2025.0,Baldwin,Size,Buddy,763.0,426.0,2026-06-06,3.5,20000.0,5.4,9.0,33.0,10.53,9.93,0.33,1.0,5.0,900.0,1.98,3886.0,0.11,5.8,6.8,8.0,6.6,1.5,23.0,33.0,16000.0,21000.0,1,2.778488797889961,0
142,4.0,2025.0,Baldwin,Traditional,Baker,2481.0,836.0,2026-03-26,2.6,17500.0,7.1,12.9,27.7,8.63,2.36,0.55,0.6,10.0,1900.0,1.58,10504.0,0.28,7.8,7.8,12.2,12.2,2.0,20.5,30.5,14000.0,19000.0,1,0.9899494936611675,0
143,4.0,2025.0,Chester,Low End,Cake,1584.0,0.0,2022-05-05,5.4,14000.0,5.7,14.3,19.2,6.96,3.82,0.43,0.33,8.0,1200.0,1.32,13948.0,0.38,4.5,3.7,15.5,16.3,7.0,13.0,23.0,12000.0,17000.0,1,2.8284271247461903,0
144,4.0,2025.0,Chester,Low End,Cedar,2738.0,34.0,2017-05-25,8.6,14000.0,3.0,17.0,19.5,4.89,4.23,0.52,1.0,9.0,1400.0,1.98,13948.0,0.38,4.5,3.7,15.5,16.3,7.0,13.0,23.0,12000.0,17000.0,1,0.9899494936611661,0
145,4.0,2025.0,Chester,Performance,C_PI,792.0,0.0,2024-07-15,1.5,27000.0,13.4,13.2,33.4,14.42,8.46,0.31,1.0,7.0,400.0,1.98,3945.0,0.11,12.0,13.4,14.2,13.2,1.0,23.0,33.0,22000.0,27000.0,1,0.0,0
146,4.0,2025.0,Chester,Performance,Coat,1091.0,97.0,2025-11-28,1.5,27000.0,14.4,12.5,33.2,15.07,8.46,0.31,1.0,7.0,1200.0,1.98,3945.0,0.11,12.0,13.4,14.2,13.2,1.0,23.0,33.0,22000.0,27000.0,1,1.2206555615733699,0
147,4.0,2025.0,Chester,Traditional,Cid,1309.0,478.0,2025-12-17,1.9,19000.0,8.5,11.6,27.9,10.45,5.64,0.43,1.0,7.0,900.0,1.98,10504.0,0.28,7.8,7.8,12.2,12.2,2.0,20.5,30.5,14000.0,19000.0,1,0.9219544457292886,0
148,4.0,2025.0,Chester,Traditional,Cure,1188.0,0.0,2025-09-23,1.6,19000.0,7.8,12.2,28.4,9.95,11.27,0.25,1.0,7.0,600.0,1.98,10504.0,0.28,7.8,7.8,12.2,12.2,2.0,20.5,30.5,14000.0,19000.0,1,0.0,0
149,4.0,2025.0,Digby,High End,DeeNee,1260.0,127.0,2025-08-27,1.1,22000.0,11.9,8.0,37.89,14.55,9.56,0.36,1.0,6.0,1000.0,1.98,4656.0,0.13,11.1,12.5,8.9,7.5,0.0,28.0,38.0,20000.0,25000.0,1,0.7810249675906652,0
150,4.0,2025.0,Digby,Low End,Dell,2357.0,635.0,2025-02-01,8.6,15000.0,3.0,17.0,18.0,5.39,5.15,0.35,0.0,7.0,1600.0,0.99,13948.0,0.38,4.5,3.7,15.5,16.3,7.0,13.0,23.0,12000.0,17000.0,1,0.9899494936611661,0
151,4.0,2025.0,Digby,NA,DeeKwa,0.0,0.0,2026-12-03,0.0,0.0,0.0,0.0,0.0,0.0,0.0,0.0,0.0,10.0,100.0,0,,,,,,,,,,,,1,,0
152,4.0,2025.0,Digby,Performance,Dot,589.0,308.0,2025-08-16,2.1,27000.0,13.4,13.2,32.0,15.03,10.61,0.18,0.07,3.0,600.0,1.06,3945.0,0.11,12.0,13.4,14.2,13.2,1.0,23.0,33.0,22000.0,27000.0,1,0.0,0
153,4.0,2025.0,Digby,Size,Dune,901.0,0.0,2025-09-09,1.4,19000.0,6.8,7.0,31.99,12.5,11.97,0.24,0.52,3.0,600.0,1.5,3886.0,0.11,5.8,6.8,8.0,6.6,1.5,23.0,33.0,16000.0,21000.0,1,0.40000000000000036,0
154,4.0,2025.0,Digby,Traditional,Daze,1622.0,91.0,2025-09-08,1.5,17500.0,7.8,12.0,25.01,10.02,7.73,0.28,0.0,5.0,1800.0,0.44,10504.0,0.28,7.8,7.8,12.2,12.2,2.0,20.5,30.5,14000.0,19000.0,1,0.1999999999999993,0
155,4.0,2025.0,Erie,High End,Elite,783.0,145.0,2024-02-27,2.1,25000.0,11.6,9.0,38.0,14.59,8.4,0.37,0.58,5.0,600.0,1.55,4656.0,0.13,11.1,12.5,8.9,7.5,0.0,28.0,38.0,20000.0,25000.0,1,1.7492855684535902,0
156,4.0,2025.0,Erie,High End,Elon,163.0,130.0,2025-06-27,0.5,25000.0,13.4,6.6,38.0,16.22,9.53,0.25,0.0,5.0,600.0,0.49,4656.0,0.13,11.1,12.5,8.9,7.5,0.0,28.0,38.0,20000.0,25000.0,1,1.272792206135786,0
157,4.0,2025.0,Erie,Low End,Ebb,2759.0,83.0,2017-05-25,8.6,14000.0,3.0,17.0,18.0,4.99,7.37,0.3,1.0,9.0,1400.0,1.95,13948.0,0.38,4.5,3.7,15.5,16.3,7.0,13.0,23.0,12000.0,17000.0,1,0.9899494936611661,0
158,4.0,2025.0,Erie,Size,Egg,1022.0,510.0,2025-06-29,1.7,21000.0,7.5,5.6,33.0,13.66,10.32,0.26,1.0,4.0,600.0,1.95,3886.0,0.11,5.8,6.8,8.0,6.6,1.5,23.0,33.0,16000.0,21000.0,1,1.2206555615733703,0
159,4.0,2025.0,Erie,Traditional,Eat,2098.0,724.0,2025-02-12,2.4,17500.0,7.8,12.2,28.0,9.73,4.17,0.44,0.0,9.5,1800.0,0.98,10504.0,0.28,7.8,7.8,12.2,12.2,2.0,20.5,30.5,14000.0,19000.0,1,0.0,0
160,4.0,2025.0,Ferris,High End,Fist,629.0,311.0,2025-09-04,1.3,24000.0,11.5,8.7,38.0,15.2,9.02,0.33,0.0,4.0,950.0,0.99,4656.0,0.13,11.1,12.5,8.9,7.5,0.0,28.0,38.0,20000.0,25000.0,1,1.5620499351813304,0
161,4.0,2025.0,Ferris,Low End,Fast,519.0,74.0,2024-01-29,5.4,17000.0,5.4,14.6,22.0,8.15,7.73,0.24,0.0,5.0,800.0,0.62,13948.0,0.38,4.5,3.7,15.5,16.3,7.0,13.0,23.0,12000.0,17000.0,1,2.4041630560342626,0
162,4.0,2025.0,Ferris,Performance,Foam,193.0,153.0,2025-11-06,1.3,24000.0,12.2,13.5,33.0,13.94,9.02,0.25,0.0,4.0,600.0,0.58,3945.0,0.11,12.0,13.4,14.2,13.2,1.0,23.0,33.0,22000.0,27000.0,1,1.2369316876852994,0
163,4.0,2025.0,Ferris,Size,Fume,668.0,174.0,2025-08-23,1.5,18000.0,5.3,7.4,33.0,12.1,9.78,0.32,0.21,4.0,700.0,1.2,3886.0,0.11,5.8,6.8,8.0,6.6,1.5,23.0,33.0,16000.0,21000.0,1,1.7000000000000004,0
164,5.0,2026.0,Andrews,High End,ANew1,1188.0,0.0,2026-05-27,1.4,24000.0,13.4,6.6,37.5,15.74,12.1,0.26,1.0,3.0,1200.0,1.98,5411.0,0.13,12.0,13.4,8.0,6.6,0.0,27.5,37.5,20000.0,25000.0,1,0.0,0
165,5.0,2026.0,Andrews,High End,Adam,85.0,361.0,2023-05-06,5.2,23000.0,9.5,10.0,36.0,12.65,9.77,-0.01,0.0,3.0,900.0,0.01,5411.0,0.13,12.0,13.4,8.0,6.6,0.0,27.5,37.5,20000.0,25000.0,1,5.173973328110612,0
166,5.0,2026.0,Andrews,Low End,Acre,1519.0,0.0,2027-04-10,9.6,14000.0,3.0,17.0,18.5,4.79,6.11,0.36,0.0,6.0,1400.0,0.5,15580.0,0.37,5.0,4.2,15.0,15.8,7.0,12.5,22.5,12000.0,17000.0,1,1.6970562748477138,0
167,5.0,2026.0,Andrews,Performance,Aft,492.0,211.0,2027-03-23,4.6,27000.0,12.0,14.0,33.0,13.75,8.55,0.28,0.0,4.0,600.0,0.86,4726.0,0.11,13.0,14.4,13.5,12.5,1.0,22.5,32.5,22000.0,27000.0,1,2.8301943396169813,0
168,5.0,2026.0,Andrews,Size,ANew2,1098.0,90.0,2025-08-09,1.4,19000.0,7.0,6.0,32.5,12.57,12.1,0.23,1.0,3.0,1200.0,1.98,4597.0,0.11,6.5,7.5,7.0,5.6,1.5,22.5,32.5,16000.0,21000.0,1,0.6403124237432851,0
169,5.0,2026.0,Andrews,Size,Agape,5.0,84.0,2019-05-25,7.6,19000.0,4.0,11.0,30.0,9.48,8.55,-1.05,0.0,4.0,1.0,0.99,4597.0,0.11,6.5,7.5,7.0,5.6,1.5,22.5,32.5,16000.0,21000.0,1,6.435060217278468,0
170,5.0,2026.0,Andrews,Traditional,Able,1909.0,0.0,2025-07-22,2.8,17500.0,7.8,12.2,27.0,9.51,7.94,0.34,0.0,4.5,1800.0,0.99,11470.0,0.27,8.5,8.5,11.5,11.5,2.0,19.5,29.5,14000.0,19000.0,1,0.9899494936611661,0
171,5.0,2026.0,Baldwin,High End,Baker2,1192.0,230.0,2027-09-14,1.7,25000.0,13.4,6.6,38.0,14.21,8.76,0.36,0.25,3.0,850.0,1.23,5411.0,0.13,12.0,13.4,8.0,6.6,0.0,27.5,37.5,20000.0,25000.0,1,0.0,0
172,5.0,2026.0,Baldwin,High End,Bid2,700.0,22.0,2027-09-15,2.5,23000.0,12.5,7.5,37.75,13.07,9.73,0.39,0.82,3.0,400.0,1.81,5411.0,0.13,12.0,13.4,8.0,6.6,0.0,27.5,37.5,20000.0,25000.0,1,1.272792206135786,0
173,5.0,2026.0,Baldwin,Low End,Bead,3367.0,0.0,2026-02-10,5.2,14000.0,4.2,15.8,17.49,5.06,1.0,0.62,0.0,10.0,2650.0,0.83,15580.0,0.37,5.0,4.2,15.0,15.8,7.0,12.5,22.5,12000.0,17000.0,1,0.0,0
174,5.0,2026.0,Baldwin,Low End,Bead2,792.0,0.0,2027-01-20,3.8,14000.0,4.5,16.0,16.99,5.11,7.43,0.25,1.0,10.0,950.0,1.98,15580.0,0.37,5.0,4.2,15.0,15.8,7.0,12.5,22.5,12000.0,17000.0,1,0.3605551275463984,0
175,5.0,2026.0,Baldwin,NA,Bee,0.0,0.0,2027-03-17,0.0,0.0,0.0,0.0,0.0,0.0,0.0,0.0,0.0,5.0,650.0,0,,,,,,,,,,,,1,,0
176,5.0,2026.0,Baldwin,Performance,Bold,1080.0,77.0,2026-05-11,2.5,27000.0,14.5,12.5,32.5,13.57,6.0,0.36,0.0,5.0,850.0,0.87,4726.0,0.11,13.0,14.4,13.5,12.5,1.0,22.5,32.5,22000.0,27000.0,1,0.09999999999999964,0
177,5.0,2026.0,Baldwin,Size,Buddy,937.0,231.0,2026-06-06,2.5,20000.0,7.5,5.5,32.5,11.72,6.0,0.42,0.0,5.0,900.0,0.83,4597.0,0.11,6.5,7.5,7.0,5.6,1.5,22.5,32.5,16000.0,21000.0,1,0.09999999999999964,0
178,5.0,2026.0,Baldwin,Traditional,Baker,2713.0,350.0,2026-03-26,2.2,17500.0,8.5,11.5,27.19,8.91,1.07,0.6,0.18,10.0,1900.0,1.17,11470.0,0.27,8.5,8.5,11.5,11.5,2.0,19.5,29.5,14000.0,19000.0,1,0.0,0
179,5.0,2026.0,Chester,Low End,Cake,2376.0,0.0,2022-05-05,6.4,14000.0,5.7,14.3,19.2,6.09,4.15,0.46,1.0,9.0,2200.0,1.98,15580.0,0.37,5.0,4.2,15.0,15.8,7.0,12.5,22.5,12000.0,17000.0,1,2.1213203435596424,0
180,5.0,2026.0,Chester,Low End,Cedar,2269.0,537.0,2027-04-04,9.6,14000.0,3.0,17.0,18.9,4.25,2.76,0.61,1.0,9.0,1400.0,1.98,15580.0,0.37,5.0,4.2,15.0,15.8,7.0,12.5,22.5,12000.0,17000.0,1,1.6970562748477138,0
181,5.0,2026.0,Chester,NA,C_P2,0.0,0.0,2026-12-21,0.0,25000.0,14.3,5.7,30.0,0.0,0.0,0.0,0.0,3.0,700.0,0,,,,,,,,,,,,1,,0
182,5.0,2026.0,Chester,Performance,C_PI,792.0,0.0,2027-01-15,2.5,27000.0,13.4,13.2,32.2,12.98,5.53,0.42,1.0,7.0,480.0,1.98,4726.0,0.11,13.0,14.4,13.5,12.5,1.0,22.5,32.5,22000.0,27000.0,1,1.2206555615733699,0
183,5.0,2026.0,Chester,Performance,Coat,1348.0,1125.0,2025-11-28,2.5,27000.0,14.4,12.5,32.4,13.55,5.53,0.34,1.0,7.0,1200.0,1.98,4726.0,0.11,13.0,14.4,13.5,12.5,1.0,22.5,32.5,22000.0,27000.0,1,0.0,0
184,5.0,2026.0,Chester,Traditional,Cid,2260.0,0.0,2025-12-17,2.9,19000.0,8.5,11.6,27.3,9.28,5.53,0.45,1.0,8.0,900.0,1.98,11470.0,0.27,8.5,8.5,11.5,11.5,2.0,19.5,29.5,14000.0,19000.0,1,0.09999999999999964,0
185,5.0,2026.0,Chester,Traditional,Cure,1188.0,0.0,2026-11-14,1.3,19000.0,9.2,10.8,27.3,9.79,5.53,0.46,1.0,8.0,600.0,1.98,11470.0,0.27,8.5,8.5,11.5,11.5,2.0,19.5,29.5,14000.0,19000.0,1,0.9899494936611655,0
186,5.0,2026.0,Digby,High End,DeeNee,879.0,435.0,2026-08-02,1.3,22000.0,12.8,7.0,37.89,13.21,6.48,0.44,0.2,6.0,1000.0,1.19,5411.0,0.13,12.0,13.4,8.0,6.6,0.0,27.5,37.5,20000.0,25000.0,1,0.7211102550927978,0
187,5.0,2026.0,Digby,Low End,Dell,2375.0,438.0,2027-05-02,9.6,15000.0,3.0,17.0,17.77,4.56,5.43,0.4,0.37,7.0,1600.0,1.36,15580.0,0.37,5.0,4.2,15.0,15.8,7.0,12.5,22.5,12000.0,17000.0,1,1.6970562748477138,0
188,5.0,2026.0,Digby,NA,Dcuk,0.0,0.0,2027-06-26,0.0,0.0,0.0,0.0,0.0,0.0,0.0,0.0,0.0,10.0,50.0,0,,,,,,,,,,,,1,,0
189,5.0,2026.0,Digby,NA,DeeKwa,0.0,13.0,2026-12-03,0.1,22000.0,15.5,5.5,45.0,14.66,1.48,0.0,0.98,10.0,600.0,0.13,,,,,,,,,,,,1,,0
190,5.0,2026.0,Digby,Performance,Dot,787.0,115.0,2026-05-13,1.9,27000.0,14.4,12.8,32.08,13.6,9.6,0.25,0.0,3.0,600.0,0.99,4726.0,0.11,13.0,14.4,13.5,12.5,1.0,22.5,32.5,22000.0,27000.0,1,0.3000000000000007,0
191,5.0,2026.0,Digby,Size,Dune,1066.0,122.0,2026-06-03,1.5,19000.0,7.5,6.0,31.99,11.35,11.89,0.26,1.0,3.0,600.0,1.98,4597.0,0.11,6.5,7.5,7.0,5.6,1.5,22.5,32.5,16000.0,21000.0,1,0.40000000000000036,0
192,5.0,2026.0,Digby,Traditional,Daze,1812.0,62.0,2025-09-08,2.5,17500.0,7.8,12.0,25.03,8.58,7.2,0.35,0.0,5.0,1800.0,0.99,11470.0,0.27,8.5,8.5,11.5,11.5,2.0,19.5,29.5,14000.0,19000.0,1,0.8602325267042628,0
193,5.0,2026.0,Erie,High End,Elite,252.0,50.0,2027-04-18,3.1,25000.0,11.6,9.0,38.0,12.88,6.79,0.42,0.0,6.0,600.0,0.26,5411.0,0.13,12.0,13.4,8.0,6.6,0.0,27.5,37.5,20000.0,25000.0,1,3.0000000000000004,0
194,5.0,2026.0,Erie,High End,Elon,743.0,266.0,2025-06-27,1.5,25000.0,13.4,6.6,38.0,14.31,7.87,0.37,0.5,6.0,600.0,1.47,5411.0,0.13,12.0,13.4,8.0,6.6,0.0,27.5,37.5,20000.0,25000.0,1,0.0,0
195,5.0,2026.0,Erie,Low End,Ebb,2446.0,372.0,2027-01-14,9.6,14000.0,3.0,17.0,18.0,4.27,2.8,0.58,1.0,10.0,1700.0,1.95,15580.0,0.37,5.0,4.2,15.0,15.8,7.0,12.5,22.5,12000.0,17000.0,1,1.6970562748477138,0
196,5.0,2026.0,Erie,Size,Egg,1199.0,132.0,2025-06-29,2.7,21000.0,7.5,5.6,32.5,12.02,9.0,0.31,0.4,6.0,600.0,1.37,4597.0,0.11,6.5,7.5,7.0,5.6,1.5,22.5,32.5,16000.0,21000.0,1,0.0,0
197,5.0,2026.0,Erie,Traditional,Eat,1461.0,1021.0,2027-03-01,3.4,17500.0,7.8,12.2,27.5,8.48,1.7,0.54,0.0,10.0,1800.0,0.98,11470.0,0.27,8.5,8.5,11.5,11.5,2.0,19.5,29.5,14000.0,19000.0,1,0.9899494936611661,0
198,5.0,2026.0,Ferris,High End,Fist,369.0,289.0,2026-11-20,1.2,24000.0,12.5,7.5,37.5,15.12,9.45,0.3,0.0,4.0,950.0,0.36,5411.0,0.13,12.0,13.4,8.0,6.6,0.0,27.5,37.5,20000.0,25000.0,1,1.272792206135786,0
199,5.0,2026.0,Ferris,Low End,Fast,564.0,5.0,2024-01-29,6.4,17000.0,5.4,14.6,22.0,7.56,8.1,0.27,0.0,5.0,800.0,0.62,15580.0,0.37,5.0,4.2,15.0,15.8,7.0,12.5,22.5,12000.0,17000.0,1,1.697056274847715,0
200,5.0,2026.0,Ferris,Performance,Foam,226.0,26.0,2026-10-12,1.3,24000.0,13.4,12.8,33.0,13.87,9.45,0.3,0.0,4.0,600.0,0.17,4726.0,0.11,13.0,14.4,13.5,12.5,1.0,22.5,32.5,22000.0,27000.0,1,1.0440306508910553,0
201,5.0,2026.0,Ferris,Size,Fume,290.0,280.0,2026-11-20,1.3,18000.0,6.5,6.4,33.0,12.03,9.45,0.28,0.0,4.0,700.0,0.57,4597.0,0.11,6.5,7.5,7.0,5.6,1.5,22.5,32.5,16000.0,21000.0,1,1.2806248474865702,0
202,6.0,2027.0,Andrews,High End,ANew1,1367.0,1009.0,2027-06-06,1.5,24000.0,14.3,5.7,37.0,15.32,11.88,0.2,1.0,4.0,1200.0,1.98,6287.0,0.13,12.9,14.3,7.1,5.7,0.0,27.0,37.0,20000.0,25000.0,1,0.0,0
203,6.0,2027.0,Andrews,Low End,Acre,1712.0,1060.0,2027-04-10,5.7,14000.0,5.7,14.3,16.75,6.27,7.43,0.14,1.0,6.0,1400.0,1.98,17403.0,0.37,5.5,4.7,14.5,15.3,7.0,12.0,22.0,12000.0,17000.0,1,1.4142135623730951,0
204,6.0,2027.0,Andrews,Low End,Agape,17.0,68.0,2019-05-25,8.6,19000.0,4.0,11.0,22.0,8.85,8.39,-0.42,0.0,4.0,1.0,0.99,17403.0,0.37,5.5,4.7,14.5,15.3,7.0,12.0,22.0,12000.0,17000.0,1,4.356604182158394,0
205,6.0,2027.0,Andrews,Performance,Aft,934.0,465.0,2027-03-23,3.2,27000.0,15.4,11.8,32.0,14.92,10.4,0.18,1.0,4.0,600.0,1.98,5661.0,0.12,14.0,15.4,12.8,11.8,1.0,22.0,32.0,22000.0,27000.0,1,0.0,0
206,6.0,2027.0,Andrews,Size,ANew2,968.0,311.0,2028-01-26,2.4,19000.0,7.0,6.0,32.0,11.68,9.59,0.29,0.0,4.0,1200.0,0.99,5438.0,0.11,7.2,8.2,6.0,4.6,1.5,22.0,32.0,16000.0,21000.0,1,1.8439088914585773,0
207,6.0,2027.0,Andrews,Traditional,Able,1782.0,0.0,2027-07-07,2.1,17500.0,8.5,11.0,26.49,9.47,7.79,0.35,0.0,4.5,1800.0,0.99,12526.0,0.26,9.2,9.2,10.8,10.8,2.0,19.0,29.0,14000.0,19000.0,1,0.7280109889280509,0
208,6.0,2027.0,Andrews,Traditional,Adam,150.0,212.0,2023-05-06,6.2,23000.0,9.5,10.0,30.0,11.81,9.59,0.07,0.0,3.0,900.0,0,12526.0,0.26,9.2,9.2,10.8,10.8,2.0,19.0,29.0,14000.0,19000.0,1,0.854400374531754,0
209,6.0,2027.0,Baldwin,High End,Baker2,501.0,135.0,2027-09-14,1.5,27000.0,16.3,11.2,37.0,13.81,8.06,0.37,0.0,6.0,650.0,0.62,6287.0,0.13,12.9,14.3,7.1,5.7,0.0,27.0,37.0,20000.0,25000.0,1,5.852349955359811,0
210,6.0,2027.0,Baldwin,High End,Bee,941.0,0.0,2027-03-17,0.8,25000.0,14.4,5.7,37.0,13.99,7.37,0.42,0.85,6.0,800.0,1.45,6287.0,0.13,12.9,14.3,7.1,5.7,0.0,27.0,37.0,20000.0,25000.0,1,0.09999999999999964,0
211,6.0,2027.0,Baldwin,High End,Bid2,399.0,0.0,2027-09-15,1.9,20000.0,8.2,4.5,32.0,11.53,8.06,0.36,0.0,5.0,550.0,0.94,6287.0,0.13,12.9,14.3,7.1,5.7,0.0,27.0,37.0,20000.0,25000.0,1,6.216912416947822,0
212,6.0,2027.0,Baldwin,Low End,Bead,4293.0,64.0,2026-02-10,6.2,14000.0,4.2,15.8,16.25,4.65,1.2,0.63,0.66,10.0,2650.0,1.64,17403.0,0.37,5.5,4.7,14.5,15.3,7.0,12.0,22.0,12000.0,17000.0,1,0.7071067811865476,0
213,6.0,2027.0,Baldwin,Performance,Bold,1364.0,0.0,2027-06-30,2.0,27000.0,15.5,11.8,31.8,13.38,7.04,0.36,0.53,5.0,850.0,1.51,5661.0,0.12,14.0,15.4,12.8,11.8,1.0,22.0,32.0,22000.0,27000.0,1,0.09999999999999964,0
214,6.0,2027.0,Baldwin,Size,Buddy,1272.0,97.0,2028-01-02,3.5,20000.0,7.5,5.5,31.75,10.99,6.67,0.43,0.28,5.0,900.0,1.27,5438.0,0.11,7.2,8.2,6.0,4.6,1.5,22.0,32.0,16000.0,21000.0,1,1.1401754250991378,0
215,6.0,2027.0,Baldwin,Traditional,Baker,2204.0,325.0,2028-02-21,3.2,17500.0,8.5,11.5,25.99,8.3,1.12,0.62,0.29,10.0,1700.0,1.28,12526.0,0.26,9.2,9.2,10.8,10.8,2.0,19.0,29.0,14000.0,19000.0,1,0.9899494936611655,0
216,6.0,2027.0,Baldwin,Traditional,Bead2,1824.0,57.0,2027-01-20,2.9,17500.0,9.2,10.8,26.49,8.74,1.25,0.61,1.0,10.0,1100.0,1.98,12526.0,0.26,9.2,9.2,10.8,10.8,2.0,19.0,29.0,14000.0,19000.0,1,0.0,0
217,6.0,2027.0,Chester,High End,C_P2,1162.0,225.0,2026-12-21,1.0,25000.0,14.3,5.7,37.0,13.97,11.03,0.3,1.0,3.0,700.0,1.98,6287.0,0.13,12.9,14.3,7.1,5.7,0.0,27.0,37.0,20000.0,25000.0,1,0.0,0
218,6.0,2027.0,Chester,Low End,Cake,2523.0,646.0,2022-05-05,7.4,14000.0,5.7,14.3,18.4,5.61,2.56,0.53,0.45,10.0,2200.0,1.44,17403.0,0.37,5.5,4.7,14.5,15.3,7.0,12.0,22.0,12000.0,17000.0,1,1.4142135623730951,0
219,6.0,2027.0,Chester,Low End,Cedar,2696.0,20.0,2027-04-04,5.7,14000.0,4.7,15.3,18.0,4.97,2.61,0.59,0.57,10.0,1400.0,1.56,17403.0,0.37,5.5,4.7,14.5,15.3,7.0,12.0,22.0,12000.0,17000.0,1,0.0,0
220,6.0,2027.0,Chester,Performance,C_PI,951.0,0.0,2027-01-15,2.2,27000.0,15.4,11.8,31.6,13.35,5.52,0.4,1.0,7.0,680.0,1.98,5661.0,0.12,14.0,15.4,12.8,11.8,1.0,22.0,32.0,22000.0,27000.0,1,0.0,0
221,6.0,2027.0,Chester,Performance,Coat,1412.0,604.0,2028-01-15,3.5,27000.0,14.4,12.5,31.8,12.82,4.45,0.39,0.0,7.0,1200.0,0.74,5661.0,0.12,14.0,15.4,12.8,11.8,1.0,22.0,32.0,22000.0,27000.0,1,1.2206555615733699,0
222,6.0,2027.0,Chester,Traditional,Cid,1211.0,571.0,2028-01-03,3.9,19000.0,8.5,11.6,26.5,8.67,4.14,0.48,1.0,9.0,1400.0,1.98,12526.0,0.26,9.2,9.2,10.8,10.8,2.0,19.0,29.0,14000.0,19000.0,1,1.0630145812734637,0
223,6.0,2027.0,Chester,Traditional,Cure,1188.0,0.0,2026-11-14,2.3,19000.0,9.2,10.8,26.8,9.15,4.14,0.5,1.0,9.0,1200.0,1.98,12526.0,0.26,9.2,9.2,10.8,10.8,2.0,19.0,29.0,14000.0,19000.0,1,0.0,0
224,6.0,2027.0,Digby,High End,DeeKwa,129.0,478.0,2026-12-03,1.1,22000.0,15.5,5.5,38.0,13.61,1.16,0.43,0.0,10.0,1000.0,0.99,6287.0,0.13,12.9,14.3,7.1,5.7,0.0,27.0,37.0,20000.0,25000.0,1,1.2165525060596434,0
225,6.0,2027.0,Digby,High End,DeeNee,693.0,931.0,2027-11-05,1.2,22000.0,14.3,5.7,37.49,13.16,6.25,0.41,0.2,6.0,1000.0,1.19,6287.0,0.13,12.9,14.3,7.1,5.7,0.0,27.0,37.0,20000.0,25000.0,1,0.0,0
226,6.0,2027.0,Digby,Low End,Dell,1874.0,742.0,2027-05-02,5.6,14000.0,5.2,14.8,17.77,5.29,5.24,0.39,0.37,7.0,1600.0,1.36,17403.0,0.37,5.5,4.7,14.5,15.3,7.0,12.0,22.0,12000.0,17000.0,1,0.7071067811865476,0
227,6.0,2027.0,Digby,Performance,Dot,709.0,0.0,2027-05-21,1.7,27000.0,15.2,12.0,32.08,13.22,9.27,0.29,0.0,3.0,600.0,0.99,5661.0,0.12,14.0,15.4,12.8,11.8,1.0,22.0,32.0,22000.0,27000.0,1,0.2828427124746193,0
228,6.0,2027.0,Digby,Size,Dcuk,50.0,0.0,2027-06-26,0.5,21000.0,8.9,3.6,34.0,12.29,1.43,0.59,0.95,10.0,200.0,0.99,5438.0,0.11,7.2,8.2,6.0,4.6,1.5,22.0,32.0,16000.0,21000.0,1,1.2206555615733705,0
229,6.0,2027.0,Digby,Size,Dune,1310.0,0.0,2027-07-26,1.5,19000.0,8.2,4.6,31.49,11.22,11.48,0.28,1.0,3.0,600.0,1.98,5438.0,0.11,7.2,8.2,6.0,4.6,1.5,22.0,32.0,16000.0,21000.0,1,0.0,0
230,6.0,2027.0,Digby,Traditional,Daze,1653.0,191.0,2027-08-15,1.9,17500.0,9.0,11.0,25.05,8.62,6.95,0.38,0.0,5.0,1800.0,0.99,12526.0,0.26,9.2,9.2,10.8,10.8,2.0,19.0,29.0,14000.0,19000.0,1,0.282842712474618,0
231,6.0,2027.0,Erie,High End,Elite,510.0,712.0,2027-04-18,2.4,25000.0,14.3,5.7,38.0,13.96,6.99,0.36,1.0,6.0,600.0,1.95,6287.0,0.13,12.9,14.3,7.1,5.7,0.0,27.0,37.0,20000.0,25000.0,1,0.0,0
232,6.0,2027.0,Erie,High End,Elon,266.0,0.0,2028-01-11,2.5,25000.0,13.4,6.6,38.0,0.0,0.0,0.4,0.0,6.0,600.0,0,6287.0,0.13,12.9,14.3,7.1,5.7,0.0,27.0,37.0,20000.0,25000.0,1,1.2727922061357855,0
233,6.0,2027.0,Erie,Low End,Ebb,3667.0,26.0,2027-01-14,5.8,14000.0,4.6,16.1,16.0,4.71,1.4,0.6,1.0,10.0,2400.0,1.95,17403.0,0.37,5.5,4.7,14.5,15.3,7.0,12.0,22.0,12000.0,17000.0,1,0.8062257748298557,0
234,6.0,2027.0,Erie,Size,Egg,1304.0,0.0,2027-07-09,2.1,21000.0,8.2,4.6,32.5,11.75,6.99,0.41,1.0,6.0,1000.0,1.95,5438.0,0.11,7.2,8.2,6.0,4.6,1.5,22.0,32.0,16000.0,21000.0,1,0.0,0
235,6.0,2027.0,Erie,Traditional,Eat,2541.0,922.0,2027-03-01,2.6,17500.0,9.2,10.8,26.5,8.74,1.28,0.58,0.39,10.0,1800.0,1.36,12526.0,0.26,9.2,9.2,10.8,10.8,2.0,19.0,29.0,14000.0,19000.0,1,0.0,0
236,6.0,2027.0,Ferris,High End,Fist,427.0,110.0,2027-10-17,1.2,24000.0,13.5,6.5,37.0,14.95,9.9,0.32,0.0,4.0,950.0,0.26,6287.0,0.13,12.9,14.3,7.1,5.7,0.0,27.0,37.0,20000.0,25000.0,1,1.1313708498984762,0
237,6.0,2027.0,Ferris,Low End,Fast,613.0,184.0,2024-01-29,7.4,17000.0,5.4,14.6,21.0,7.04,8.49,0.22,0.0,5.0,800.0,0.99,17403.0,0.37,5.5,4.7,14.5,15.3,7.0,12.0,22.0,12000.0,17000.0,1,0.9899494936611675,0
238,6.0,2027.0,Ferris,Performance,Foam,292.0,80.0,2027-10-24,1.2,24000.0,14.6,12.0,32.0,13.81,9.9,0.25,0.0,4.0,600.0,0.58,5661.0,0.12,14.0,15.4,12.8,11.8,1.0,22.0,32.0,22000.0,27000.0,1,0.8246211251235326,0
239,6.0,2027.0,Ferris,Size,Fume,408.0,70.0,2027-10-12,1.3,18000.0,7.2,5.2,32.0,11.95,9.9,0.32,0.0,4.0,700.0,0.28,5438.0,0.11,7.2,8.2,6.0,4.6,1.5,22.0,32.0,16000.0,21000.0,1,1.1661903789690597,0
240,6.5,2027.5,Andrews,Size,ANew2,968.0,311.0,2028-01-26,1.45,19000.0,7.0,6.0,,11.68,9.59,0.29,0.0,4.0,1200.0,0.99,,,,,,,,,,,,1,,0
241,6.5,2027.5,Baldwin,Size,Buddy,1272.0,97.0,2028-01-02,2.0,20000.0,7.5,5.5,,10.99,6.67,0.43,0.28,5.0,900.0,1.27,,,,,,,,,,,,1,,0
242,6.5,2027.5,Baldwin,Traditional,Baker,2204.0,325.0,2028-02-21,1.85,17500.0,8.5,11.5,,8.3,1.12,0.62,0.29,10.0,1700.0,1.28,,,,,,,,,,,,1,,0
243,6.5,2027.5,Chester,Performance,Coat,1412.0,604.0,2028-01-15,2.0,27000.0,14.4,12.5,,12.82,4.45,0.39,0.0,7.0,1200.0,0.74,,,,,,,,,,,,1,,0
244,6.5,2027.5,Chester,Traditional,Cid,1211.0,571.0,2028-01-03,2.2,19000.0,8.5,11.6,,8.67,4.14,0.48,1.0,9.0,1400.0,1.98,,,,,,,,,,,,1,,0
245,6.5,2027.5,Erie,High End,Elon,266.0,0.0,2028-01-11,1.5,25000.0,13.4,6.6,,0.0,0.0,0.4,0.0,6.0,600.0,0,,,,,,,,,,,,1,,0
246,7.0,2028.0,Andrews,High End,ANew1,1367.0,1009.0,2027-06-06,2.5,24000.0,14.3,5.7,,15.32,11.88,0.2,1.0,4.0,1200.0,1.98,7306.0,0.14,13.8,15.2,6.2,4.8,0.0,26.5,36.5,20000.0,25000.0,1,1.2727922061357848,0
247,7.0,2028.0,Andrews,Low End,Acre,1712.0,1060.0,2027-04-10,6.7,14000.0,5.7,14.3,,6.27,7.43,0.14,1.0,6.0,1400.0,1.98,19439.0,0.36,6.0,5.2,14.0,14.8,7.0,11.5,21.5,12000.0,17000.0,1,0.7071067811865476,0
248,7.0,2028.0,Andrews,Low End,Agape,17.0,68.0,2019-05-25,9.6,19000.0,4.0,11.0,,8.85,8.39,-0.42,0.0,4.0,1.0,0.99,19439.0,0.36,6.0,5.2,14.0,14.8,7.0,11.5,21.5,12000.0,17000.0,1,3.9849717690342557,0
249,7.0,2028.0,Andrews,Performance,Aft,934.0,465.0,2027-03-23,4.2,27000.0,15.4,11.8,,14.92,10.4,0.18,1.0,4.0,600.0,1.98,6782.0,0.13,15.0,16.4,12.1,11.1,1.0,21.5,31.5,22000.0,27000.0,1,1.2206555615733694,0
250,7.0,2028.0,Andrews,Size,ANew2,968.0,311.0,2028-01-26,1.95,19000.0,7.0,6.0,,11.68,9.59,0.29,0.0,4.0,1200.0,0.99,6433.0,0.12,7.9,8.9,5.0,3.6,1.5,21.5,31.5,16000.0,21000.0,1,3.0610455730027937,0
251,7.0,2028.0,Andrews,Traditional,Able,1782.0,0.0,2027-07-07,3.1,17500.0,8.5,11.0,,9.47,7.79,0.35,0.0,4.5,1800.0,0.99,13678.0,0.26,9.9,9.9,10.1,10.1,2.0,21.0,31.0,14000.0,19000.0,1,1.6643316977093243,0
252,7.0,2028.0,Andrews,Traditional,Adam,150.0,212.0,2023-05-06,7.2,23000.0,9.5,10.0,,11.81,9.59,0.07,0.0,3.0,900.0,0,13678.0,0.26,9.9,9.9,10.1,10.1,2.0,21.0,31.0,14000.0,19000.0,1,0.4123105625617663,0
253,7.0,2028.0,Baldwin,High End,Baker2,501.0,135.0,2027-09-14,2.5,27000.0,16.3,11.2,,13.81,8.06,0.37,0.0,6.0,650.0,0.62,7306.0,0.14,13.8,15.2,6.2,4.8,0.0,26.5,36.5,20000.0,25000.0,1,6.493843238021688,0
254,7.0,2028.0,Baldwin,High End,Bee,941.0,0.0,2027-03-17,1.8,25000.0,14.4,5.7,,13.99,7.37,0.42,0.85,6.0,800.0,1.45,7306.0,0.14,13.8,15.2,6.2,4.8,0.0,26.5,36.5,20000.0,25000.0,1,1.2041594578792292,0
255,7.0,2028.0,Baldwin,High End,Bid2,399.0,0.0,2027-09-15,2.9,20000.0,8.2,4.5,,11.53,8.06,0.36,0.0,5.0,550.0,0.94,7306.0,0.14,13.8,15.2,6.2,4.8,0.0,26.5,36.5,20000.0,25000.0,1,7.006425622241344,0
256,7.0,2028.0,Baldwin,Low End,Bead,4293.0,64.0,2026-02-10,7.2,14000.0,4.2,15.8,,4.65,1.2,0.63,0.66,10.0,2650.0,1.64,19439.0,0.36,6.0,5.2,14.0,14.8,7.0,11.5,21.5,12000.0,17000.0,1,1.4142135623730951,0
257,7.0,2028.0,Baldwin,Performance,Bold,1364.0,0.0,2027-06-30,3.0,27000.0,15.5,11.8,,13.38,7.04,0.36,0.53,5.0,850.0,1.51,6782.0,0.13,15.0,16.4,12.1,11.1,1.0,21.5,31.5,22000.0,27000.0,1,1.1401754250991376,0
258,7.0,2028.0,Baldwin,Size,Buddy,1272.0,97.0,2028-01-02,2.5,20000.0,7.5,5.5,,10.99,6.67,0.43,0.28,5.0,900.0,1.27,6433.0,0.12,7.9,8.9,5.0,3.6,1.5,21.5,31.5,16000.0,21000.0,1,2.3600847442411896,0
259,7.0,2028.0,Baldwin,Traditional,Baker,2204.0,325.0,2028-02-21,2.35,17500.0,8.5,11.5,,8.3,1.12,0.62,0.29,10.0,1700.0,1.28,13678.0,0.26,9.9,9.9,10.1,10.1,2.0,21.0,31.0,14000.0,19000.0,1,1.9798989873223336,0
260,7.0,2028.0,Baldwin,Traditional,Bead2,1824.0,57.0,2027-01-20,3.9,17500.0,9.2,10.8,,8.74,1.25,0.61,1.0,10.0,1100.0,1.98,13678.0,0.26,9.9,9.9,10.1,10.1,2.0,21.0,31.0,14000.0,19000.0,1,0.989949493661168,0
261,7.0,2028.0,Chester,High End,C_P2,1162.0,225.0,2026-12-21,2.0,25000.0,14.3,5.7,,13.97,11.03,0.3,1.0,3.0,700.0,1.98,7306.0,0.14,13.8,15.2,6.2,4.8,0.0,26.5,36.5,20000.0,25000.0,1,1.2727922061357848,0
262,7.0,2028.0,Chester,Low End,Cake,2523.0,646.0,2022-05-05,8.4,14000.0,5.7,14.3,,5.61,2.56,0.53,0.45,10.0,2200.0,1.44,19439.0,0.36,6.0,5.2,14.0,14.8,7.0,11.5,21.5,12000.0,17000.0,1,0.7071067811865476,0
263,7.0,2028.0,Chester,Low End,Cedar,2696.0,20.0,2027-04-04,6.7,14000.0,4.7,15.3,,4.97,2.61,0.59,0.57,10.0,1400.0,1.56,19439.0,0.36,6.0,5.2,14.0,14.8,7.0,11.5,21.5,12000.0,17000.0,1,0.7071067811865476,0
264,7.0,2028.0,Chester,Performance,C_PI,951.0,0.0,2027-01-15,3.2,27000.0,15.4,11.8,,13.35,5.52,0.4,1.0,7.0,680.0,1.98,6782.0,0.13,15.0,16.4,12.1,11.1,1.0,21.5,31.5,22000.0,27000.0,1,1.2206555615733694,0
265,7.0,2028.0,Chester,Performance,Coat,1412.0,604.0,2028-01-15,2.5,27000.0,14.4,12.5,,12.82,4.45,0.39,0.0,7.0,1200.0,0.74,6782.0,0.13,15.0,16.4,12.1,11.1,1.0,21.5,31.5,22000.0,27000.0,1,2.4413111231467393,0
266,7.0,2028.0,Chester,Traditional,Cid,1211.0,571.0,2028-01-03,2.7,19000.0,8.5,11.6,,8.67,4.14,0.48,1.0,9.0,1400.0,1.98,13678.0,0.26,9.9,9.9,10.1,10.1,2.0,21.0,31.0,14000.0,19000.0,1,2.0518284528683193,0
267,7.0,2028.0,Chester,Traditional,Cure,1188.0,0.0,2026-11-14,3.3,19000.0,9.2,10.8,,9.15,4.14,0.5,1.0,9.0,1200.0,1.98,13678.0,0.26,9.9,9.9,10.1,10.1,2.0,21.0,31.0,14000.0,19000.0,1,0.989949493661168,0
268,7.0,2028.0,Digby,High End,DeeKwa,129.0,478.0,2026-12-03,2.1,22000.0,15.5,5.5,,13.61,1.16,0.43,0.0,10.0,1000.0,0.99,7306.0,0.14,13.8,15.2,6.2,4.8,0.0,26.5,36.5,20000.0,25000.0,1,0.7615773105863913,0
269,7.0,2028.0,Digby,High End,DeeNee,693.0,931.0,2027-11-05,2.2,22000.0,14.3,5.7,,13.16,6.25,0.41,0.2,6.0,1000.0,1.19,7306.0,0.14,13.8,15.2,6.2,4.8,0.0,26.5,36.5,20000.0,25000.0,1,1.2727922061357848,0
270,7.0,2028.0,Digby,Low End,Dell,1874.0,742.0,2027-05-02,6.6,14000.0,5.2,14.8,,5.29,5.24,0.39,0.37,7.0,1600.0,1.36,19439.0,0.36,6.0,5.2,14.0,14.8,7.0,11.5,21.5,12000.0,17000.0,1,0.0,0
271,7.0,2028.0,Digby,Performance,Dot,709.0,0.0,2027-05-21,2.7,27000.0,15.2,12.0,,13.22,9.27,0.29,0.0,3.0,600.0,0.99,6782.0,0.13,15.0,16.4,12.1,11.1,1.0,21.5,31.5,22000.0,27000.0,1,1.4999999999999998,0
272,7.0,2028.0,Digby,Size,Dcuk,50.0,0.0,2027-06-26,1.5,21000.0,8.9,3.6,,12.29,1.43,0.59,0.95,10.0,200.0,0.99,6433.0,0.12,7.9,8.9,5.0,3.6,1.5,21.5,31.5,16000.0,21000.0,1,0.0,0
273,7.0,2028.0,Digby,Size,Dune,1310.0,0.0,2027-07-26,2.5,19000.0,8.2,4.6,,11.22,11.48,0.28,1.0,3.0,600.0,1.98,6433.0,0.12,7.9,8.9,5.0,3.6,1.5,21.5,31.5,16000.0,21000.0,1,1.2206555615733705,0
274,7.0,2028.0,Digby,Traditional,Daze,1653.0,191.0,2027-08-15,2.9,17500.0,9.0,11.0,,8.62,6.95,0.38,0.0,5.0,1800.0,0.99,13678.0,0.26,9.9,9.9,10.1,10.1,2.0,21.0,31.0,14000.0,19000.0,1,1.272792206135786,0
275,7.0,2028.0,Erie,High End,Elite,510.0,712.0,2027-04-18,3.4,25000.0,14.3,5.7,,13.96,6.99,0.36,1.0,6.0,600.0,1.95,7306.0,0.14,13.8,15.2,6.2,4.8,0.0,26.5,36.5,20000.0,25000.0,1,1.2727922061357848,0
276,7.0,2028.0,Erie,High End,Elon,266.0,0.0,2028-01-11,2.0,25000.0,13.4,6.6,,0.0,0.0,0.4,0.0,6.0,600.0,0,7306.0,0.14,13.8,15.2,6.2,4.8,0.0,26.5,36.5,20000.0,25000.0,1,2.54558441227157,0
277,7.0,2028.0,Erie,Low End,Ebb,3667.0,26.0,2027-01-14,6.8,14000.0,4.6,16.1,,4.71,1.4,0.6,1.0,10.0,2400.0,1.95,19439.0,0.36,6.0,5.2,14.0,14.8,7.0,11.5,21.5,12000.0,17000.0,1,1.4317821063276361,0
278,7.0,2028.0,Erie,Size,Egg,1304.0,0.0,2027-07-09,3.1,21000.0,8.2,4.6,,11.75,6.99,0.41,1.0,6.0,1000.0,1.95,6433.0,0.12,7.9,8.9,5.0,3.6,1.5,21.5,31.5,16000.0,21000.0,1,1.2206555615733705,0
279,7.0,2028.0,Erie,Traditional,Eat,2541.0,922.0,2027-03-01,3.6,17500.0,9.2,10.8,,8.74,1.28,0.58,0.39,10.0,1800.0,1.36,13678.0,0.26,9.9,9.9,10.1,10.1,2.0,21.0,31.0,14000.0,19000.0,1,0.989949493661168,0
280,7.0,2028.0,Ferris,High End,Fist,427.0,110.0,2027-10-17,2.2,24000.0,13.5,6.5,,14.95,9.9,0.32,0.0,4.0,950.0,0.26,7306.0,0.14,13.8,15.2,6.2,4.8,0.0,26.5,36.5,20000.0,25000.0,1,2.4041630560342613,0
281,7.0,2028.0,Ferris,Low End,Fast,613.0,184.0,2024-01-29,8.4,17000.0,5.4,14.6,,7.04,8.49,0.22,0.0,5.0,800.0,0.99,19439.0,0.36,6.0,5.2,14.0,14.8,7.0,11.5,21.5,12000.0,17000.0,1,0.2828427124746199,0
282,7.0,2028.0,Ferris,Performance,Foam,292.0,80.0,2027-10-24,2.2,24000.0,14.6,12.0,,13.81,9.9,0.25,0.0,4.0,600.0,0.58,6782.0,0.13,15.0,16.4,12.1,11.1,1.0,21.5,31.5,22000.0,27000.0,1,2.01246117974981,0
283,7.0,2028.0,Ferris,Size,Fume,408.0,70.0,2027-10-12,2.3,18000.0,7.2,5.2,,11.95,9.9,0.32,0.0,4.0,700.0,0.28,6433.0,0.12,7.9,8.9,5.0,3.6,1.5,21.5,31.5,16000.0,21000.0,1,2.3345235059857505,0
